Date,Open,High,Low,Close,Adj Close,Volume
,FCF,FCF,FCF,FCF,FCF,FCF
2015-01-02,9.279999732971191,9.319999694824219,9.0,9.140000343322754,6.513703346252441,407100
2015-01-05,9.09000015258789,9.09000015258789,8.850000381469727,8.850000381469727,6.307032108306885,214600
2015-01-06,8.850000381469727,8.90999984741211,8.550000190734863,8.670000076293945,6.178753852844238,647700
2015-01-07,8.75,8.789999961853027,8.649999618530273,8.729999542236328,6.221513748168945,235700
2015-01-08,8.800000190734863,8.920000076293945,8.75,8.869999885559082,6.321285247802734,252500
2015-01-09,8.859999656677246,8.859999656677246,8.630000114440918,8.680000305175781,6.185880184173584,229700
2015-01-12,8.649999618530273,8.720000267028809,8.550000190734863,8.600000381469727,6.128866195678711,288000
2015-01-13,8.609999656677246,8.8100004196167,8.460000038146973,8.59000015258789,6.121739864349365,462800
2015-01-14,8.470000267028809,8.510000228881836,8.289999961853027,8.449999809265137,6.021969318389893,331400
2015-01-15,8.430000305175781,8.470000267028809,8.3100004196167,8.380000114440918,5.972081184387207,283000
2015-01-16,8.329999923706055,8.579999923706055,8.329999923706055,8.569999694824219,6.107487201690674,234400
2015-01-20,8.600000381469727,8.600000381469727,8.430000305175781,8.470000267028809,6.036221981048584,231400
2015-01-21,8.470000267028809,8.520000457763672,8.3100004196167,8.3100004196167,5.922198295593262,244700
2015-01-22,8.399999618530273,8.789999961853027,8.359999656677246,8.739999771118164,6.228640079498291,325400
2015-01-23,8.770000457763672,8.770000457763672,8.539999961853027,8.569999694824219,6.107487201690674,162800
2015-01-26,8.539999961853027,8.699999809265137,8.420000076293945,8.630000114440918,6.1502461433410645,228400
2015-01-27,8.5,8.640000343322754,8.5,8.529999732971191,6.078982353210449,240900
2015-01-28,8.600000381469727,8.600000381469727,7.760000228881836,7.849999904632568,5.594372272491455,755600
2015-01-29,7.809999942779541,8.010000228881836,7.769999980926514,7.929999828338623,5.651386260986328,751500
2015-01-30,7.829999923706055,8.039999961853027,7.789999961853027,7.889999866485596,5.622878551483154,860500
2015-02-02,7.929999828338623,8.119999885559082,7.900000095367432,8.109999656677246,5.779664516448975,360100
2015-02-03,8.149999618530273,8.430000305175781,8.109999656677246,8.390000343322754,5.979210376739502,495300
2015-02-04,8.359999656677246,8.460000038146973,8.329999923706055,8.34000015258789,5.943576812744141,342300
2015-02-05,8.319999694824219,8.579999923706055,8.3100004196167,8.550000190734863,6.144809246063232,329500
2015-02-06,8.59000015258789,8.739999771118164,8.5600004196167,8.720000267028809,6.266988754272461,451600
2015-02-09,8.710000038146973,8.710000038146973,8.520000457763672,8.529999732971191,6.130435943603516,262000
2015-02-10,8.630000114440918,8.630000114440918,8.420000076293945,8.460000038146973,6.0801286697387695,283900
2015-02-11,8.460000038146973,8.510000228881836,8.329999923706055,8.470000267028809,6.087314128875732,227800
2015-02-12,8.550000190734863,8.729999542236328,8.520000457763672,8.720000267028809,6.266988754272461,262200
2015-02-13,8.739999771118164,8.770000457763672,8.609999656677246,8.619999885559082,6.19511604309082,429300
2015-02-17,8.600000381469727,8.65999984741211,8.529999732971191,8.630000114440918,6.202304840087891,532300
2015-02-18,8.630000114440918,8.640000343322754,8.449999809265137,8.489999771118164,6.101686954498291,371300
2015-02-19,8.479999542236328,8.5600004196167,8.420000076293945,8.470000267028809,6.087314128875732,344500
2015-02-20,8.489999771118164,8.489999771118164,8.3100004196167,8.449999809265137,6.072941303253174,1136600
2015-02-23,8.460000038146973,8.470000267028809,8.34000015258789,8.420000076293945,6.051381587982178,334700
2015-02-24,8.40999984741211,8.520000457763672,8.380000114440918,8.479999542236328,6.09450101852417,306400
2015-02-25,8.479999542236328,8.489999771118164,8.420000076293945,8.460000038146973,6.0801286697387695,308200
2015-02-26,8.460000038146973,8.510000228881836,8.420000076293945,8.489999771118164,6.101686954498291,403200
2015-02-27,8.470000267028809,8.550000190734863,8.449999809265137,8.479999542236328,6.09450101852417,528100
2015-03-02,8.489999771118164,8.600000381469727,8.449999809265137,8.529999732971191,6.130435943603516,300000
2015-03-03,8.529999732971191,8.579999923706055,8.470000267028809,8.529999732971191,6.130435943603516,218400
2015-03-04,8.479999542236328,8.520000457763672,8.449999809265137,8.5,6.108875274658203,216100
2015-03-05,8.510000228881836,8.579999923706055,8.359999656677246,8.5600004196167,6.151995658874512,244900
2015-03-06,8.510000228881836,8.770000457763672,8.510000228881836,8.619999885559082,6.19511604309082,296100
2015-03-09,8.649999618530273,8.770000457763672,8.630000114440918,8.760000228881836,6.295734405517578,224800
2015-03-10,8.680000305175781,8.680000305175781,8.529999732971191,8.5600004196167,6.151995658874512,251000
2015-03-11,8.550000190734863,8.640000343322754,8.529999732971191,8.550000190734863,6.144809246063232,456700
2015-03-12,8.649999618530273,8.989999771118164,8.619999885559082,8.989999771118164,6.461034774780273,417300
2015-03-13,8.930000305175781,8.979999542236328,8.819999694824219,8.960000038146973,6.439472675323486,295700
2015-03-16,9.0,9.0,8.859999656677246,8.869999885559082,6.374790668487549,204800
2015-03-17,8.8100004196167,8.890000343322754,8.739999771118164,8.890000343322754,6.389163970947266,264100
2015-03-18,8.84000015258789,8.960000038146973,8.670000076293945,8.729999542236328,6.274174690246582,393600
2015-03-19,8.720000267028809,8.729999542236328,8.600000381469727,8.729999542236328,6.274174690246582,519600
2015-03-20,8.770000457763672,8.949999809265137,8.729999542236328,8.890000343322754,6.389163970947266,627900
2015-03-23,8.880000114440918,8.970000267028809,8.859999656677246,8.880000114440918,6.38197660446167,282600
2015-03-24,8.850000381469727,8.90999984741211,8.800000190734863,8.899999618530273,6.396352767944336,209500
2015-03-25,8.890000343322754,8.930000305175781,8.739999771118164,8.760000228881836,6.295734405517578,298400
2015-03-26,8.739999771118164,8.8100004196167,8.65999984741211,8.779999732971191,6.310110092163086,223300
2015-03-27,8.789999961853027,8.800000190734863,8.670000076293945,8.800000190734863,6.32448148727417,226600
2015-03-30,8.859999656677246,9.0,8.800000190734863,8.970000267028809,6.446657180786133,216100
2015-03-31,8.920000076293945,9.0,8.869999885559082,9.0,6.4682207107543945,192600
2015-04-01,9.0,9.0,8.850000381469727,8.989999771118164,6.461034774780273,370700
2015-04-02,8.989999771118164,9.09000015258789,8.979999542236328,9.0600004196167,6.511341571807861,323400
2015-04-06,8.970000267028809,9.079999923706055,8.869999885559082,9.039999961853027,6.4969682693481445,184500
2015-04-07,9.010000228881836,9.100000381469727,8.979999542236328,9.020000457763672,6.482594013214111,201100
2015-04-08,9.029999732971191,9.09000015258789,8.989999771118164,9.0,6.4682207107543945,246900
2015-04-09,9.0,9.050000190734863,8.890000343322754,9.010000228881836,6.47540807723999,274200
2015-04-10,9.039999961853027,9.100000381469727,8.960000038146973,9.0600004196167,6.511341571807861,154500
2015-04-13,9.0600004196167,9.170000076293945,9.020000457763672,9.140000343322754,6.5688371658325195,221200
2015-04-14,9.149999618530273,9.149999618530273,9.0,9.079999923706055,6.525716304779053,483700
2015-04-15,9.09000015258789,9.229999542236328,9.039999961853027,9.149999618530273,6.576022148132324,339600
2015-04-16,9.100000381469727,9.149999618530273,9.029999732971191,9.100000381469727,6.540090084075928,303800
2015-04-17,9.039999961853027,9.079999923706055,8.880000114440918,8.899999618530273,6.396352767944336,285000
2015-04-20,8.970000267028809,9.109999656677246,8.930000305175781,9.0600004196167,6.511341571807861,178700
2015-04-21,9.069999694824219,9.149999618530273,9.029999732971191,9.119999885559082,6.5544633865356445,261700
2015-04-22,9.130000114440918,9.210000038146973,9.029999732971191,9.119999885559082,6.5544633865356445,210300
2015-04-23,9.079999923706055,9.109999656677246,9.020000457763672,9.050000190734863,6.504156112670898,160100
2015-04-24,9.0600004196167,9.079999923706055,8.949999809265137,8.970000267028809,6.446657180786133,190200
2015-04-27,8.979999542236328,9.100000381469727,8.859999656677246,8.899999618530273,6.396352767944336,349700
2015-04-28,8.699999809265137,9.210000038146973,8.699999809265137,9.170000076293945,6.590400218963623,299900
2015-04-29,9.15999984741211,9.25,9.119999885559082,9.25,6.647895336151123,478900
2015-04-30,9.260000228881836,9.300000190734863,9.020000457763672,9.020000457763672,6.482594013214111,648100
2015-05-01,9.079999923706055,9.15999984741211,8.920000076293945,8.979999542236328,6.453848361968994,576800
2015-05-04,9.020000457763672,9.109999656677246,8.989999771118164,9.09000015258789,6.53290319442749,232700
2015-05-05,9.100000381469727,9.210000038146973,9.0,9.050000190734863,6.504156112670898,548400
2015-05-06,9.029999732971191,9.079999923706055,8.949999809265137,9.069999694824219,6.569339752197266,290000
2015-05-07,9.0600004196167,9.109999656677246,8.979999542236328,9.010000228881836,6.525884628295898,180200
2015-05-08,9.119999885559082,9.119999885559082,8.970000267028809,9.039999961853027,6.547614097595215,258900
2015-05-11,9.079999923706055,9.170000076293945,9.020000457763672,9.119999885559082,6.605556964874268,247700
2015-05-12,9.119999885559082,9.199999809265137,8.960000038146973,9.09000015258789,6.583827972412109,367400
2015-05-13,9.069999694824219,9.109999656677246,8.949999809265137,9.0,6.518640518188477,267300
2015-05-14,9.069999694824219,9.109999656677246,8.979999542236328,9.069999694824219,6.569339752197266,268600
2015-05-15,9.029999732971191,9.079999923706055,8.880000114440918,8.930000305175781,6.467942237854004,268300
2015-05-18,8.9399995803833,9.15999984741211,8.9399995803833,9.15999984741211,6.634530067443848,283300
2015-05-19,9.1899995803833,9.279999732971191,9.149999618530273,9.25,6.6997151374816895,313100
2015-05-20,9.25,9.25,9.140000343322754,9.199999809265137,6.6635003089904785,255100
2015-05-21,9.210000038146973,9.270000457763672,9.119999885559082,9.1899995803833,6.6562581062316895,156900
2015-05-22,9.220000267028809,9.270000457763672,9.130000114440918,9.130000114440918,6.612797737121582,270500
2015-05-26,9.119999885559082,9.130000114440918,8.869999885559082,8.989999771118164,6.511399269104004,449900
2015-05-27,9.039999961853027,9.130000114440918,8.949999809265137,9.109999656677246,6.598312854766846,283800
2015-05-28,9.100000381469727,9.140000343322754,9.029999732971191,9.140000343322754,6.620042324066162,207900
2015-05-29,9.149999618530273,9.149999618530273,8.970000267028809,9.100000381469727,6.591070652008057,690000
2015-06-01,9.140000343322754,9.149999618530273,8.949999809265137,9.069999694824219,6.569339752197266,297200
2015-06-02,9.069999694824219,9.279999732971191,9.029999732971191,9.199999809265137,6.6635003089904785,349000
2015-06-03,9.220000267028809,9.380000114440918,9.199999809265137,9.3100004196167,6.743170738220215,338200
2015-06-04,9.25,9.3100004196167,9.130000114440918,9.149999618530273,6.627284049987793,253600
2015-06-05,9.220000267028809,9.359999656677246,9.170000076293945,9.3100004196167,6.743170738220215,413700
2015-06-08,9.279999732971191,9.329999923706055,9.229999542236328,9.279999732971191,6.721443176269531,249500
2015-06-09,9.300000190734863,9.420000076293945,9.229999542236328,9.359999656677246,6.779386043548584,608300
2015-06-10,9.449999809265137,9.640000343322754,9.40999984741211,9.489999771118164,6.873545169830322,533100
2015-06-11,9.5,9.59000015258789,9.40999984741211,9.579999923706055,6.938730716705322,451400
2015-06-12,9.569999694824219,9.59000015258789,9.470000267028809,9.569999694824219,6.931488513946533,260600
2015-06-15,9.460000038146973,9.5600004196167,9.34000015258789,9.5,6.880786895751953,548400
2015-06-16,9.449999809265137,9.5600004196167,9.430000305175781,9.5,6.880786895751953,543000
2015-06-17,9.550000190734863,9.5600004196167,9.329999923706055,9.359999656677246,6.779386043548584,368700
2015-06-18,9.390000343322754,9.489999771118164,9.279999732971191,9.479999542236328,6.866301536560059,333800
2015-06-19,9.5,9.569999694824219,9.470000267028809,9.520000457763672,6.895272731781006,1106500
2015-06-22,9.569999694824219,9.720000267028809,9.510000228881836,9.619999885559082,6.967703819274902,451400
2015-06-23,9.630000114440918,9.789999961853027,9.630000114440918,9.779999732971191,7.083590507507324,470400
2015-06-24,9.729999542236328,9.800000190734863,9.6899995803833,9.720000267028809,7.040133953094482,228600
2015-06-25,9.75,9.850000381469727,9.6899995803833,9.779999732971191,7.083590507507324,402400
2015-06-26,9.789999961853027,9.869999885559082,9.779999732971191,9.84000015258789,7.127047061920166,664400
2015-06-29,9.760000228881836,9.880000114440918,9.579999923706055,9.579999923706055,6.938730716705322,342300
2015-06-30,9.680000305175781,9.789999961853027,9.550000190734863,9.59000015258789,6.945974349975586,317900
2015-07-01,9.720000267028809,9.8100004196167,9.619999885559082,9.699999809265137,7.025645732879639,313600
2015-07-02,9.699999809265137,9.699999809265137,9.510000228881836,9.539999961853027,6.909757614135742,284600
2015-07-06,9.430000305175781,9.609999656677246,9.380000114440918,9.600000381469727,6.953216552734375,238100
2015-07-07,9.569999694824219,9.59000015258789,9.329999923706055,9.449999809265137,6.844571113586426,367400
2015-07-08,9.380000114440918,9.5600004196167,9.350000381469727,9.479999542236328,6.866301536560059,548400
2015-07-09,9.59000015258789,9.649999618530273,9.460000038146973,9.470000267028809,6.859058856964111,652700
2015-07-10,9.529999732971191,9.640000343322754,9.460000038146973,9.619999885559082,6.967703819274902,360600
2015-07-13,9.649999618530273,9.710000038146973,9.609999656677246,9.680000305175781,7.011161804199219,467300
2015-07-14,9.640000343322754,9.6899995803833,9.569999694824219,9.680000305175781,7.011161804199219,323300
2015-07-15,9.710000038146973,9.789999961853027,9.649999618530273,9.720000267028809,7.040133953094482,271400
2015-07-16,9.800000190734863,9.890000343322754,9.75,9.770000457763672,7.076348304748535,215200
2015-07-17,9.760000228881836,9.760000228881836,9.579999923706055,9.680000305175781,7.011161804199219,218400
2015-07-20,9.65999984741211,9.770000457763672,9.630000114440918,9.760000228881836,7.069103240966797,264500
2015-07-21,9.75,9.930000305175781,9.609999656677246,9.640000343322754,6.982188701629639,215400
2015-07-22,9.640000343322754,9.8100004196167,9.640000343322754,9.720000267028809,7.040133953094482,143200
2015-07-23,9.739999771118164,9.770000457763672,9.460000038146973,9.510000228881836,6.8880295753479,329700
2015-07-24,9.479999542236328,9.489999771118164,9.319999694824219,9.329999923706055,6.757658004760742,345600
2015-07-27,9.260000228881836,9.279999732971191,9.180000305175781,9.210000038146973,6.670741558074951,329400
2015-07-28,9.25,9.25,9.119999885559082,9.15999984741211,6.634530067443848,312200
2015-07-29,9.270000457763672,9.329999923706055,9.09000015258789,9.1899995803833,6.6562581062316895,380700
2015-07-30,9.1899995803833,9.25,9.0600004196167,9.130000114440918,6.612797737121582,414700
2015-07-31,9.140000343322754,9.229999542236328,9.09000015258789,9.199999809265137,6.6635003089904785,463800
2015-08-03,9.25,9.369999885559082,9.130000114440918,9.239999771118164,6.692474842071533,452700
2015-08-04,9.260000228881836,9.369999885559082,9.229999542236328,9.260000228881836,6.706958293914795,255100
2015-08-05,9.300000190734863,9.460000038146973,9.270000457763672,9.390000343322754,6.801117420196533,272200
2015-08-06,9.350000381469727,9.390000343322754,9.220000267028809,9.3100004196167,6.793817043304443,239100
2015-08-07,9.239999771118164,9.369999885559082,9.119999885559082,9.220000267028809,6.728141784667969,237400
2015-08-10,9.25,9.380000114440918,9.25,9.34000015258789,6.815711975097656,235200
2015-08-11,9.229999542236328,9.319999694824219,9.130000114440918,9.210000038146973,6.72084379196167,197600
2015-08-12,9.149999618530273,9.180000305175781,8.9399995803833,9.020000457763672,6.58219575881958,303800
2015-08-13,9.050000190734863,9.170000076293945,9.0,9.109999656677246,6.647871017456055,207100
2015-08-14,9.130000114440918,9.239999771118164,9.100000381469727,9.239999771118164,6.742740631103516,194000
2015-08-17,9.180000305175781,9.369999885559082,9.119999885559082,9.3100004196167,6.793817043304443,342400
2015-08-18,9.34000015258789,9.380000114440918,9.260000228881836,9.289999961853027,6.779222011566162,184100
2015-08-19,9.260000228881836,9.279999732971191,9.140000343322754,9.149999618530273,6.677059650421143,212100
2015-08-20,9.079999923706055,9.079999923706055,8.90999984741211,8.90999984741211,6.501926898956299,303900
2015-08-21,8.75,9.039999961853027,8.729999542236328,8.930000305175781,6.516521453857422,481700
2015-08-24,8.600000381469727,8.819999694824219,8.4399995803833,8.4399995803833,6.1589508056640625,601100
2015-08-25,8.670000076293945,8.670000076293945,8.300000190734863,8.3100004196167,6.064086437225342,607500
2015-08-26,8.5,8.65999984741211,8.399999618530273,8.649999618530273,6.312193870544434,352400
2015-08-27,8.75,8.819999694824219,8.59000015258789,8.729999542236328,6.370573997497559,414800
2015-08-28,8.710000038146973,8.850000381469727,8.680000305175781,8.739999771118164,6.377870559692383,338800
2015-08-31,8.680000305175781,8.869999885559082,8.680000305175781,8.850000381469727,6.4581403732299805,256700
2015-09-01,8.649999618530273,8.729999542236328,8.520000457763672,8.539999961853027,6.231924533843994,449600
2015-09-02,8.65999984741211,8.680000305175781,8.539999961853027,8.670000076293945,6.326789855957031,198000
2015-09-03,8.6899995803833,8.779999732971191,8.670000076293945,8.710000038146973,6.355978012084961,204200
2015-09-04,8.569999694824219,8.720000267028809,8.569999694824219,8.649999618530273,6.312193870544434,138100
2015-09-08,8.800000190734863,8.859999656677246,8.729999542236328,8.850000381469727,6.4581403732299805,227000
2015-09-09,8.9399995803833,8.979999542236328,8.779999732971191,8.779999732971191,6.407061576843262,242100
2015-09-10,8.760000228881836,8.9399995803833,8.710000038146973,8.859999656677246,6.465436935424805,111400
2015-09-11,8.800000190734863,9.079999923706055,8.739999771118164,9.069999694824219,6.618680477142334,499800
2015-09-14,9.050000190734863,9.140000343322754,9.010000228881836,9.039999961853027,6.5967912673950195,315000
2015-09-15,9.069999694824219,9.199999809265137,9.050000190734863,9.180000305175781,6.698954105377197,243100
2015-09-16,9.170000076293945,9.1899995803833,9.079999923706055,9.15999984741211,6.684360027313232,172600
2015-09-17,9.140000343322754,9.279999732971191,8.899999618530273,8.930000305175781,6.516521453857422,365300
2015-09-18,8.800000190734863,8.819999694824219,8.630000114440918,8.720000267028809,6.363276481628418,1356600
2015-09-21,8.8100004196167,8.9399995803833,8.779999732971191,8.90999984741211,6.501926898956299,177100
2015-09-22,8.779999732971191,8.90999984741211,8.760000228881836,8.84000015258789,6.450841426849365,193400
2015-09-23,8.850000381469727,8.949999809265137,8.8100004196167,8.869999885559082,6.472736835479736,168100
2015-09-24,8.8100004196167,8.989999771118164,8.770000457763672,8.989999771118164,6.560304641723633,219700
2015-09-25,9.09000015258789,9.180000305175781,9.050000190734863,9.079999923706055,6.625980377197266,349800
2015-09-28,9.039999961853027,9.199999809265137,8.949999809265137,9.100000381469727,6.6405744552612305,263700
2015-09-29,9.100000381469727,9.15999984741211,9.0,9.050000190734863,6.60408878326416,217100
2015-09-30,9.119999885559082,9.149999618530273,9.020000457763672,9.09000015258789,6.633277416229248,323600
2015-10-01,9.09000015258789,9.1899995803833,8.9399995803833,9.109999656677246,6.647871017456055,287500
2015-10-02,8.979999542236328,9.09000015258789,8.569999694824219,8.850000381469727,6.4581403732299805,355100
2015-10-05,8.930000305175781,9.109999656677246,8.930000305175781,9.100000381469727,6.6405744552612305,203000
2015-10-06,9.130000114440918,9.220000267028809,9.029999732971191,9.0600004196167,6.611385345458984,213400
2015-10-07,9.119999885559082,9.289999961853027,9.109999656677246,9.289999961853027,6.779222011566162,281400
2015-10-08,9.229999542236328,9.369999885559082,9.210000038146973,9.359999656677246,6.830304145812988,308500
2015-10-09,9.359999656677246,9.380000114440918,9.1899995803833,9.239999771118164,6.742740631103516,186800
2015-10-12,9.199999809265137,9.34000015258789,9.149999618530273,9.300000190734863,6.786521911621094,179000
2015-10-13,9.279999732971191,9.350000381469727,9.1899995803833,9.199999809265137,6.713548183441162,154500
2015-10-14,9.170000076293945,9.229999542236328,8.890000343322754,8.90999984741211,6.501926898956299,235500
2015-10-15,9.0,9.149999618530273,8.890000343322754,9.140000343322754,6.669764041900635,224000
2015-10-16,9.180000305175781,9.180000305175781,9.020000457763672,9.119999885559082,6.655169486999512,186400
2015-10-19,9.079999923706055,9.199999809265137,9.079999923706055,9.130000114440918,6.6624650955200195,135900
2015-10-20,9.119999885559082,9.279999732971191,9.100000381469727,9.25,6.750035285949707,225000
2015-10-21,9.289999961853027,9.40999984741211,9.170000076293945,9.170000076293945,6.691657543182373,359300
2015-10-22,9.220000267028809,9.4399995803833,9.220000267028809,9.390000343322754,6.852198600769043,369800
2015-10-23,9.460000038146973,9.59000015258789,9.359999656677246,9.5600004196167,6.976253509521484,453200
2015-10-26,9.529999732971191,9.600000381469727,9.359999656677246,9.460000038146973,6.903278827667236,192300
2015-10-27,9.399999618530273,9.510000228881836,9.289999961853027,9.369999885559082,6.837602138519287,420400
2015-10-28,9.220000267028809,9.680000305175781,9.220000267028809,9.579999923706055,6.990845680236816,618400
2015-10-29,9.550000190734863,9.6899995803833,9.5,9.5,6.932466506958008,398800
2015-10-30,9.449999809265137,9.479999542236328,9.109999656677246,9.1899995803833,6.70625114440918,555000
2015-11-02,9.210000038146973,9.369999885559082,9.130000114440918,9.359999656677246,6.830304145812988,404000
2015-11-03,9.3100004196167,9.470000267028809,9.300000190734863,9.4399995803833,6.8886823654174805,371400
2015-11-04,9.470000267028809,9.529999732971191,9.390000343322754,9.460000038146973,6.903278827667236,379200
2015-11-05,9.430000305175781,9.619999885559082,9.390000343322754,9.5600004196167,7.028258800506592,302100
2015-11-06,9.649999618530273,9.930000305175781,9.5600004196167,9.770000457763672,7.182643890380859,666400
2015-11-09,9.770000457763672,9.789999961853027,9.579999923706055,9.65999984741211,7.101775169372559,251400
2015-11-10,9.609999656677246,9.739999771118164,9.579999923706055,9.680000305175781,7.11647891998291,191000
2015-11-11,9.75,9.789999961853027,9.5600004196167,9.609999656677246,7.0650177001953125,199800
2015-11-12,9.520000457763672,9.569999694824219,9.390000343322754,9.399999618530273,6.910630226135254,228700
2015-11-13,9.3100004196167,9.470000267028809,9.279999732971191,9.34000015258789,6.866519927978516,307200
2015-11-16,9.300000190734863,9.460000038146973,9.260000228881836,9.449999809265137,6.947386741638184,220300
2015-11-17,9.460000038146973,9.680000305175781,9.399999618530273,9.520000457763672,6.998849868774414,384700
2015-11-18,9.5,9.65999984741211,9.4399995803833,9.640000343322754,7.087070465087891,323900
2015-11-19,9.600000381469727,9.670000076293945,9.520000457763672,9.609999656677246,7.0650177001953125,177300
2015-11-20,9.670000076293945,9.75,9.5600004196167,9.670000076293945,7.109127998352051,442000
2015-11-23,9.670000076293945,9.84000015258789,9.569999694824219,9.739999771118164,7.160590648651123,228500
2015-11-24,9.649999618530273,9.84000015258789,9.649999618530273,9.819999694824219,7.219403266906738,249700
2015-11-25,9.8100004196167,9.90999984741211,9.729999542236328,9.84000015258789,7.234104633331299,212600
2015-11-27,9.819999694824219,9.930000305175781,9.779999732971191,9.869999885559082,7.256163597106934,85300
2015-11-30,9.869999885559082,9.9399995803833,9.8100004196167,9.84000015258789,7.234104633331299,275500
2015-12-01,9.859999656677246,9.949999809265137,9.770000457763672,9.880000114440918,7.263512134552002,214300
2015-12-02,9.869999885559082,9.9399995803833,9.649999618530273,9.710000038146973,7.138533115386963,407700
2015-12-03,9.779999732971191,9.8100004196167,9.489999771118164,9.489999771118164,6.9767961502075195,422100
2015-12-04,9.489999771118164,9.649999618530273,9.460000038146973,9.600000381469727,7.057663440704346,344800
2015-12-07,9.5600004196167,9.680000305175781,9.289999961853027,9.34000015258789,6.866519927978516,387000
2015-12-08,9.25,9.329999923706055,9.15999984741211,9.260000228881836,6.807706356048584,488300
2015-12-09,9.239999771118164,9.289999961853027,9.050000190734863,9.109999656677246,6.697429180145264,372300
2015-12-10,9.069999694824219,9.180000305175781,9.010000228881836,9.119999885559082,6.704781532287598,710300
2015-12-11,8.9399995803833,9.029999732971191,8.819999694824219,8.859999656677246,6.51363468170166,710800
2015-12-14,8.850000381469727,9.0600004196167,8.779999732971191,8.869999885559082,6.520988464355469,647700
2015-12-15,8.989999771118164,9.180000305175781,8.9399995803833,9.149999618530273,6.726834774017334,497800
2015-12-16,9.220000267028809,9.279999732971191,9.020000457763672,9.199999809265137,6.763595104217529,427900
2015-12-17,9.210000038146973,9.270000457763672,9.020000457763672,9.079999923706055,6.675375461578369,432300
2015-12-18,9.020000457763672,9.039999961853027,8.8100004196167,8.90999984741211,6.55039644241333,5229200
2015-12-21,8.9399995803833,9.100000381469727,8.9399995803833,9.029999732971191,6.638613224029541,459900
2015-12-22,9.0600004196167,9.0600004196167,8.869999885559082,9.050000190734863,6.653321266174316,298100
2015-12-23,9.09000015258789,9.130000114440918,9.0600004196167,9.130000114440918,6.712132453918457,225000
2015-12-24,9.09000015258789,9.239999771118164,9.09000015258789,9.180000305175781,6.748894214630127,147400
2015-12-28,9.149999618530273,9.170000076293945,9.020000457763672,9.140000343322754,6.719485282897949,257400
2015-12-29,9.199999809265137,9.289999961853027,9.170000076293945,9.289999961853027,6.8297600746154785,247000
2015-12-30,9.279999732971191,9.289999961853027,9.180000305175781,9.180000305175781,6.748894214630127,252800
2015-12-31,9.149999618530273,9.229999542236328,9.069999694824219,9.069999694824219,6.668020725250244,274900
2016-01-04,8.880000114440918,8.9399995803833,8.779999732971191,8.819999694824219,6.48422908782959,602700
2016-01-05,8.880000114440918,8.989999771118164,8.829999923706055,8.930000305175781,6.565099716186523,340300
2016-01-06,8.8100004196167,8.970000267028809,8.800000190734863,8.84000015258789,6.498931884765625,382700
2016-01-07,8.739999771118164,8.829999923706055,8.680000305175781,8.720000267028809,6.410713195800781,464300
2016-01-08,8.819999694824219,8.819999694824219,8.59000015258789,8.609999656677246,6.329843997955322,567300
2016-01-11,8.640000343322754,8.699999809265137,8.550000190734863,8.600000381469727,6.3224897384643555,225900
2016-01-12,8.680000305175781,8.680000305175781,8.470000267028809,8.609999656677246,6.329843997955322,250500
2016-01-13,8.609999656677246,8.670000076293945,8.229999542236328,8.270000457763672,6.0798845291137695,298600
2016-01-14,8.329999923706055,8.420000076293945,8.1899995803833,8.380000114440918,6.160752773284912,334700
2016-01-15,8.119999885559082,8.300000190734863,8.09000015258789,8.289999961853027,6.094588279724121,525500
2016-01-19,8.359999656677246,8.380000114440918,8.119999885559082,8.199999809265137,6.028421401977539,299700
2016-01-20,8.020000457763672,8.239999771118164,7.900000095367432,8.180000305175781,6.013719081878662,372300
2016-01-21,8.180000305175781,8.25,8.050000190734863,8.09000015258789,5.947551727294922,371200
2016-01-22,8.199999809265137,8.279999732971191,8.109999656677246,8.1899995803833,6.02107048034668,272800
2016-01-25,8.149999618530273,8.170000076293945,7.869999885559082,7.889999866485596,5.800517559051514,515200
2016-01-26,7.960000038146973,8.170000076293945,7.929999828338623,8.149999618530273,5.991662979125977,291400
2016-01-27,7.849999904632568,8.100000381469727,7.849999904632568,8.069999694824219,5.932849884033203,950600
2016-01-28,8.140000343322754,8.5600004196167,8.050000190734863,8.489999771118164,6.241621971130371,626000
2016-01-29,8.539999961853027,8.729999542236328,8.399999618530273,8.729999542236328,6.418065547943115,659500
2016-02-01,8.640000343322754,8.649999618530273,8.489999771118164,8.5600004196167,6.293084621429443,397700
2016-02-02,8.430000305175781,8.430000305175781,8.289999961853027,8.350000381469727,6.138699054718018,234000
2016-02-03,8.460000038146973,8.460000038146973,8.15999984741211,8.430000305175781,6.197511672973633,283200
2016-02-04,8.319999694824219,8.550000190734863,8.229999542236328,8.34000015258789,6.182685375213623,248600
2016-02-05,8.3100004196167,8.430000305175781,8.210000038146973,8.210000038146973,6.0863118171691895,318900
2016-02-08,8.079999923706055,8.319999694824219,8.010000228881836,8.300000190734863,6.153031349182129,334600
2016-02-09,8.149999618530273,8.359999656677246,8.149999618530273,8.289999961853027,6.145618915557861,220100
2016-02-10,8.380000114440918,8.460000038146973,8.149999618530273,8.170000076293945,6.05665922164917,209800
2016-02-11,7.980000019073486,8.109999656677246,7.889999866485596,8.020000457763672,5.945459365844727,209500
2016-02-12,8.140000343322754,8.3100004196167,8.119999885559082,8.289999961853027,6.145618915557861,255200
2016-02-16,8.430000305175781,8.510000228881836,8.270000457763672,8.449999809265137,6.264232635498047,289600
2016-02-17,8.5,8.569999694824219,8.399999618530273,8.430000305175781,6.249404430389404,257000
2016-02-18,8.520000457763672,8.579999923706055,8.380000114440918,8.430000305175781,6.249404430389404,292300
2016-02-19,8.470000267028809,8.550000190734863,8.369999885559082,8.470000267028809,6.27905797958374,596000
2016-02-22,8.600000381469727,8.699999809265137,8.5,8.670000076293945,6.427323341369629,409500
2016-02-23,8.619999885559082,8.619999885559082,8.4399995803833,8.479999542236328,6.286472320556641,335000
2016-02-24,8.369999885559082,8.520000457763672,8.229999542236328,8.5,6.301298141479492,286100
2016-02-25,8.529999732971191,8.579999923706055,8.460000038146973,8.579999923706055,6.360604286193848,236800
2016-02-26,8.640000343322754,8.779999732971191,8.619999885559082,8.729999542236328,6.471805572509766,350900
2016-02-29,8.729999542236328,8.8100004196167,8.579999923706055,8.59000015258789,6.368016719818115,461200
2016-03-01,8.649999618530273,8.859999656677246,8.640000343322754,8.84000015258789,6.553348541259766,243300
2016-03-02,8.829999923706055,8.979999542236328,8.789999961853027,8.979999542236328,6.657136917114258,232700
2016-03-03,8.979999542236328,9.130000114440918,8.899999618530273,9.130000114440918,6.768334865570068,302200
2016-03-04,9.15999984741211,9.239999771118164,9.0600004196167,9.229999542236328,6.842467308044434,513100
2016-03-07,9.149999618530273,9.279999732971191,9.119999885559082,9.279999732971191,6.8795342445373535,268800
2016-03-08,9.180000305175781,9.210000038146973,9.079999923706055,9.09000015258789,6.738683223724365,259000
2016-03-09,8.989999771118164,9.0600004196167,8.789999961853027,8.829999923706055,6.545937538146973,455500
2016-03-10,8.869999885559082,8.960000038146973,8.699999809265137,8.90999984741211,6.60524320602417,263100
2016-03-11,9.010000228881836,9.149999618530273,8.949999809265137,9.149999618530273,6.7831597328186035,225700
2016-03-14,9.09000015258789,9.100000381469727,8.90999984741211,8.989999771118164,6.664549827575684,248200
2016-03-15,8.90999984741211,8.930000305175781,8.699999809265137,8.760000228881836,6.494043827056885,513300
2016-03-16,8.720000267028809,8.819999694824219,8.5600004196167,8.619999885559082,6.390255928039551,278300
2016-03-17,8.609999656677246,8.859999656677246,8.510000228881836,8.819999694824219,6.538524150848389,318600
2016-03-18,8.890000343322754,9.0,8.859999656677246,8.949999809265137,6.634896278381348,633400
2016-03-21,8.920000076293945,8.989999771118164,8.829999923706055,8.979999542236328,6.657136917114258,261500
2016-03-22,8.90999984741211,8.970000267028809,8.8100004196167,8.90999984741211,6.60524320602417,178300
2016-03-23,8.869999885559082,8.890000343322754,8.770000457763672,8.770000457763672,6.501457691192627,192700
2016-03-24,8.739999771118164,8.760000228881836,8.619999885559082,8.760000228881836,6.494043827056885,155700
2016-03-28,8.770000457763672,8.890000343322754,8.729999542236328,8.789999961853027,6.516283988952637,202000
2016-03-29,8.729999542236328,8.949999809265137,8.630000114440918,8.9399995803833,6.6274824142456055,248700
2016-03-30,8.970000267028809,9.069999694824219,8.949999809265137,9.010000228881836,6.679376602172852,206800
2016-03-31,8.979999542236328,9.010000228881836,8.859999656677246,8.859999656677246,6.568175792694092,213000
2016-04-01,8.770000457763672,8.850000381469727,8.720000267028809,8.8100004196167,6.53110933303833,190200
2016-04-04,8.800000190734863,8.819999694824219,8.6899995803833,8.699999809265137,6.4495625495910645,245600
2016-04-05,8.649999618530273,8.680000305175781,8.479999542236328,8.479999542236328,6.286472320556641,267400
2016-04-06,8.520000457763672,8.600000381469727,8.420000076293945,8.579999923706055,6.360604286193848,230700
2016-04-07,8.529999732971191,8.529999732971191,8.319999694824219,8.350000381469727,6.190099239349365,558100
2016-04-08,8.470000267028809,8.609999656677246,8.4399995803833,8.460000038146973,6.2716450691223145,224100
2016-04-11,8.520000457763672,8.720000267028809,8.520000457763672,8.579999923706055,6.360604286193848,221000
2016-04-12,8.59000015258789,8.739999771118164,8.579999923706055,8.739999771118164,6.479218006134033,150900
2016-04-13,8.75,9.050000190734863,8.75,9.050000190734863,6.709029197692871,306400
2016-04-14,9.029999732971191,9.199999809265137,9.0,9.069999694824219,6.723854064941406,199200
2016-04-15,9.069999694824219,9.119999885559082,9.0,9.029999732971191,6.69420051574707,206200
2016-04-18,8.949999809265137,9.09000015258789,8.949999809265137,8.979999542236328,6.657136917114258,480600
2016-04-19,9.010000228881836,9.15999984741211,8.979999542236328,9.109999656677246,6.753508567810059,372500
2016-04-20,9.109999656677246,9.25,9.100000381469727,9.229999542236328,6.842467308044434,194900
2016-04-21,9.260000228881836,9.34000015258789,9.149999618530273,9.170000076293945,6.797989845275879,233900
2016-04-22,9.170000076293945,9.289999961853027,9.119999885559082,9.289999961853027,6.886947154998779,343800
2016-04-25,9.229999542236328,9.229999542236328,9.119999885559082,9.170000076293945,6.797989845275879,219100
2016-04-26,9.130000114440918,9.369999885559082,8.960000038146973,9.329999923706055,6.916601657867432,244500
2016-04-27,9.319999694824219,9.380000114440918,9.199999809265137,9.300000190734863,6.8943634033203125,251800
2016-04-28,9.300000190734863,9.34000015258789,9.170000076293945,9.180000305175781,6.805402755737305,201300
2016-04-29,9.15999984741211,9.229999542236328,9.069999694824219,9.180000305175781,6.805402755737305,324800
2016-05-02,9.220000267028809,9.260000228881836,9.130000114440918,9.229999542236328,6.842467308044434,205700
2016-05-03,9.119999885559082,9.130000114440918,8.930000305175781,8.989999771118164,6.664549827575684,214900
2016-05-04,8.84000015258789,8.989999771118164,8.789999961853027,8.800000190734863,6.574891567230225,293400
2016-05-05,8.800000190734863,8.930000305175781,8.710000038146973,8.720000267028809,6.515120983123779,287200
2016-05-06,8.720000267028809,8.880000114440918,8.699999809265137,8.880000114440918,6.634662628173828,306900
2016-05-09,8.859999656677246,8.930000305175781,8.789999961853027,8.789999961853027,6.567420959472656,217800
2016-05-10,8.850000381469727,9.029999732971191,8.850000381469727,8.949999809265137,6.68696403503418,139100
2016-05-11,8.899999618530273,9.0,8.869999885559082,8.890000343322754,6.6421356201171875,157200
2016-05-12,8.930000305175781,9.010000228881836,8.819999694824219,8.880000114440918,6.634662628173828,168300
2016-05-13,8.850000381469727,8.949999809265137,8.699999809265137,8.710000038146973,6.50764799118042,221200
2016-05-16,8.720000267028809,8.930000305175781,8.720000267028809,8.859999656677246,6.6197190284729,241800
2016-05-17,8.850000381469727,8.989999771118164,8.65999984741211,8.710000038146973,6.50764799118042,317000
2016-05-18,8.710000038146973,9.050000190734863,8.699999809265137,9.020000457763672,6.739263534545898,211300
2016-05-19,8.960000038146973,9.039999961853027,8.8100004196167,8.899999618530273,6.6496076583862305,165500
2016-05-20,8.960000038146973,9.09000015258789,8.869999885559082,9.050000190734863,6.7616801261901855,335100
2016-05-23,9.029999732971191,9.079999923706055,8.960000038146973,9.069999694824219,6.776620388031006,275900
2016-05-24,9.09000015258789,9.319999694824219,9.069999694824219,9.300000190734863,6.948465347290039,296800
2016-05-25,9.34000015258789,9.4399995803833,9.25,9.369999885559082,7.000765800476074,148100
2016-05-26,9.380000114440918,9.390000343322754,9.25,9.260000228881836,6.918580055236816,187700
2016-05-27,9.25,9.380000114440918,9.25,9.369999885559082,7.000765800476074,149300
2016-05-31,9.40999984741211,9.4399995803833,9.3100004196167,9.390000343322754,7.015709400177002,268100
2016-06-01,9.319999694824219,9.430000305175781,9.25,9.420000076293945,7.038124084472656,188700
2016-06-02,9.399999618530273,9.470000267028809,9.359999656677246,9.470000267028809,7.075479984283447,195900
2016-06-03,9.34000015258789,9.380000114440918,9.130000114440918,9.350000381469727,6.985823631286621,228000
2016-06-06,9.369999885559082,9.489999771118164,9.34000015258789,9.420000076293945,7.038124084472656,186100
2016-06-07,9.40999984741211,9.470000267028809,9.34000015258789,9.34000015258789,6.978351593017578,157600
2016-06-08,9.3100004196167,9.4399995803833,9.300000190734863,9.430000305175781,7.045595169067383,120300
2016-06-09,9.329999923706055,9.380000114440918,9.220000267028809,9.329999923706055,6.970880031585693,215500
2016-06-10,9.15999984741211,9.289999961853027,9.15999984741211,9.229999542236328,6.896164417266846,158800
2016-06-13,9.210000038146973,9.300000190734863,9.100000381469727,9.130000114440918,6.8214497566223145,186300
2016-06-14,9.069999694824219,9.199999809265137,8.970000267028809,9.029999732971191,6.746733665466309,193700
2016-06-15,9.050000190734863,9.180000305175781,9.020000457763672,9.039999961853027,6.754208564758301,162600
2016-06-16,8.960000038146973,9.0,8.890000343322754,8.960000038146973,6.694435119628906,175900
2016-06-17,8.979999542236328,9.039999961853027,8.850000381469727,8.90999984741211,6.657078742980957,618500
2016-06-20,9.079999923706055,9.220000267028809,9.0600004196167,9.09000015258789,6.791565418243408,205100
2016-06-21,9.100000381469727,9.180000305175781,9.039999961853027,9.140000343322754,6.828921794891357,192600
2016-06-22,9.149999618530273,9.239999771118164,9.069999694824219,9.069999694824219,6.776620388031006,175600
2016-06-23,9.229999542236328,9.420000076293945,9.229999542236328,9.420000076293945,7.038124084472656,251200
2016-06-24,9.0,9.149999618530273,8.8100004196167,8.8100004196167,6.582362651824951,472700
2016-06-27,8.699999809265137,8.710000038146973,8.460000038146973,8.489999771118164,6.3432745933532715,577900
2016-06-28,8.640000343322754,8.739999771118164,8.550000190734863,8.640000343322754,6.455349445343018,343000
2016-06-29,8.729999542236328,8.90999984741211,8.699999809265137,8.90999984741211,6.657078742980957,212300
2016-06-30,8.930000305175781,9.199999809265137,8.899999618530273,9.199999809265137,6.873751163482666,439300
2016-07-01,9.130000114440918,9.15999984741211,8.979999542236328,9.130000114440918,6.8214497566223145,320300
2016-07-05,9.020000457763672,9.050000190734863,8.800000190734863,8.869999885559082,6.627192497253418,201600
2016-07-06,8.779999732971191,8.949999809265137,8.739999771118164,8.899999618530273,6.6496076583862305,209400
2016-07-07,8.949999809265137,9.050000190734863,8.899999618530273,8.949999809265137,6.68696403503418,136600
2016-07-08,9.079999923706055,9.1899995803833,9.050000190734863,9.130000114440918,6.8214497566223145,285400
2016-07-11,9.1899995803833,9.34000015258789,9.15999984741211,9.319999694824219,6.963408470153809,170400
2016-07-12,9.40999984741211,9.609999656677246,9.399999618530273,9.550000190734863,7.135251998901367,323900
2016-07-13,9.539999961853027,9.59000015258789,9.449999809265137,9.539999961853027,7.127779006958008,275200
2016-07-14,9.649999618530273,9.710000038146973,9.609999656677246,9.619999885559082,7.1875529289245605,192700
2016-07-15,9.699999809265137,9.720000267028809,9.59000015258789,9.680000305175781,7.232381343841553,190900
2016-07-18,9.640000343322754,9.710000038146973,9.569999694824219,9.579999923706055,7.157665729522705,154700
2016-07-19,9.529999732971191,9.640000343322754,9.5,9.520000457763672,7.1128363609313965,231300
2016-07-20,9.539999961853027,9.600000381469727,9.479999542236328,9.520000457763672,7.1128363609313965,132800
2016-07-21,9.520000457763672,9.520000457763672,9.390000343322754,9.430000305175781,7.045595169067383,158800
2016-07-22,9.399999618530273,9.550000190734863,9.359999656677246,9.520000457763672,7.1128363609313965,189300
2016-07-25,9.5,9.550000190734863,9.449999809265137,9.470000267028809,7.075479984283447,79300
2016-07-26,9.4399995803833,9.520000457763672,9.430000305175781,9.489999771118164,7.090423107147217,96700
2016-07-27,9.25,9.609999656677246,9.25,9.550000190734863,7.135251998901367,192100
2016-07-28,9.579999923706055,9.6899995803833,9.4399995803833,9.65999984741211,7.217439651489258,161000
2016-07-29,9.640000343322754,9.729999542236328,9.59000015258789,9.649999618530273,7.20996618270874,270700
2016-08-01,9.649999618530273,9.739999771118164,9.569999694824219,9.609999656677246,7.180082321166992,218900
2016-08-02,9.600000381469727,9.670000076293945,9.520000457763672,9.5600004196167,7.142725467681885,183000
2016-08-03,9.520000457763672,9.720000267028809,9.520000457763672,9.710000038146973,7.254795074462891,153100
2016-08-04,9.609999656677246,9.75,9.600000381469727,9.65999984741211,7.269848346710205,172500
2016-08-05,9.739999771118164,9.989999771118164,9.699999809265137,9.899999618530273,7.45046329498291,417600
2016-08-08,9.880000114440918,9.899999618530273,9.789999961853027,9.819999694824219,7.390259742736816,222800
2016-08-09,9.829999923706055,9.899999618530273,9.770000457763672,9.859999656677246,7.420360565185547,231600
2016-08-10,9.869999885559082,9.880000114440918,9.760000228881836,9.779999732971191,7.36015510559082,185600
2016-08-11,9.789999961853027,9.859999656677246,9.779999732971191,9.829999923706055,7.39778470993042,175400
2016-08-12,9.789999961853027,9.819999694824219,9.720000267028809,9.819999694824219,7.390259742736816,137300
2016-08-15,9.859999656677246,9.920000076293945,9.84000015258789,9.90999984741211,7.457991123199463,181400
2016-08-16,9.890000343322754,9.920000076293945,9.850000381469727,9.880000114440918,7.43541145324707,139400
2016-08-17,9.850000381469727,9.920000076293945,9.84000015258789,9.869999885559082,7.427889347076416,130000
2016-08-18,9.84000015258789,9.960000038146973,9.84000015258789,9.9399995803833,7.480571269989014,167200
2016-08-19,9.930000305175781,9.949999809265137,9.859999656677246,9.920000076293945,7.46551513671875,293300
2016-08-22,9.880000114440918,9.949999809265137,9.859999656677246,9.9399995803833,7.480571269989014,150100
2016-08-23,9.949999809265137,9.970000267028809,9.829999923706055,9.930000305175781,7.473042964935303,202100
2016-08-24,9.90999984741211,9.9399995803833,9.90999984741211,9.9399995803833,7.480571269989014,112700
2016-08-25,9.90999984741211,9.989999771118164,9.899999618530273,9.979999542236328,7.5106706619262695,163100
2016-08-26,9.979999542236328,10.0,9.890000343322754,9.979999542236328,7.5106706619262695,334000
2016-08-29,9.970000267028809,10.050000190734863,9.949999809265137,10.029999732971191,7.548299312591553,188300
2016-08-30,10.050000190734863,10.210000038146973,10.029999732971191,10.210000038146973,7.68376350402832,203200
2016-08-31,10.199999809265137,10.260000228881836,10.119999885559082,10.210000038146973,7.68376350402832,369800
2016-09-01,10.239999771118164,10.279999732971191,10.0600004196167,10.210000038146973,7.68376350402832,182000
2016-09-02,10.220000267028809,10.329999923706055,10.130000114440918,10.329999923706055,7.7740678787231445,179000
2016-09-06,10.300000190734863,10.3100004196167,10.109999656677246,10.130000114440918,7.623556613922119,191300
2016-09-07,10.100000381469727,10.289999961853027,10.100000381469727,10.279999732971191,7.736443519592285,212500
2016-09-08,10.300000190734863,10.350000381469727,10.239999771118164,10.319999694824219,7.766542434692383,166600
2016-09-09,10.279999732971191,10.359999656677246,10.170000076293945,10.170000076293945,7.653658866882324,211600
2016-09-12,10.100000381469727,10.229999542236328,10.010000228881836,10.229999542236328,7.6988139152526855,153100
2016-09-13,10.079999923706055,10.140000343322754,9.989999771118164,10.09000015258789,7.593452453613281,158400
2016-09-14,10.079999923706055,10.109999656677246,9.949999809265137,9.949999809265137,7.488091468811035,112800
2016-09-15,9.960000038146973,10.069999694824219,9.949999809265137,10.0600004196167,7.57087516784668,91000
2016-09-16,10.039999961853027,10.050000190734863,9.949999809265137,10.0,7.525721549987793,678100
2016-09-19,10.029999732971191,10.149999618530273,9.960000038146973,10.020000457763672,7.540773391723633,158800
2016-09-20,10.079999923706055,10.100000381469727,10.0,10.010000228881836,7.533249378204346,115000
2016-09-21,10.119999885559082,10.1899995803833,10.069999694824219,10.15999984741211,7.646130561828613,183600
2016-09-22,10.170000076293945,10.289999961853027,10.140000343322754,10.289999961853027,7.743967533111572,252400
2016-09-23,10.239999771118164,10.300000190734863,10.210000038146973,10.210000038146973,7.68376350402832,181300
2016-09-26,10.130000114440918,10.170000076293945,9.930000305175781,9.930000305175781,7.473042964935303,213200
2016-09-27,9.880000114440918,10.020000457763672,9.869999885559082,10.010000228881836,7.533249378204346,203300
2016-09-28,10.039999961853027,10.180000305175781,10.010000228881836,10.15999984741211,7.646130561828613,175300
2016-09-29,10.140000343322754,10.1899995803833,9.930000305175781,9.9399995803833,7.480571269989014,115200
2016-09-30,9.960000038146973,10.170000076293945,9.949999809265137,10.09000015258789,7.593452453613281,230100
2016-10-03,10.079999923706055,10.100000381469727,9.75,9.760000228881836,7.345102787017822,545000
2016-10-04,9.800000190734863,9.850000381469727,9.739999771118164,9.770000457763672,7.352630615234375,548900
2016-10-05,9.819999694824219,9.979999542236328,9.8100004196167,9.970000267028809,7.503142833709717,585200
2016-10-06,9.949999809265137,9.989999771118164,9.90999984741211,9.9399995803833,7.480571269989014,427700
2016-10-07,9.90999984741211,9.970000267028809,9.84000015258789,9.920000076293945,7.46551513671875,228800
2016-10-10,10.0,10.0600004196167,9.949999809265137,10.020000457763672,7.540773391723633,221700
2016-10-11,10.020000457763672,10.050000190734863,9.850000381469727,9.899999618530273,7.45046329498291,205600
2016-10-12,9.90999984741211,9.979999542236328,9.880000114440918,9.890000343322754,7.442940711975098,206700
2016-10-13,9.789999961853027,9.789999961853027,9.619999885559082,9.710000038146973,7.3074750900268555,298300
2016-10-14,9.800000190734863,9.899999618530273,9.779999732971191,9.779999732971191,7.36015510559082,213600
2016-10-17,9.779999732971191,9.90999984741211,9.760000228881836,9.770000457763672,7.352630615234375,125600
2016-10-18,9.90999984741211,9.90999984741211,9.770000457763672,9.829999923706055,7.39778470993042,146700
2016-10-19,9.859999656677246,9.989999771118164,9.819999694824219,9.90999984741211,7.457991123199463,200600
2016-10-20,9.920000076293945,10.0,9.869999885559082,9.90999984741211,7.457991123199463,151900
2016-10-21,9.789999961853027,9.930000305175781,9.789999961853027,9.90999984741211,7.457991123199463,154100
2016-10-24,9.949999809265137,10.029999732971191,9.9399995803833,10.0,7.525721549987793,167200
2016-10-25,10.0,10.020000457763672,9.930000305175781,9.979999542236328,7.5106706619262695,116300
2016-10-26,10.050000190734863,10.0600004196167,9.829999923706055,9.90999984741211,7.457991123199463,238300
2016-10-27,10.0,10.239999771118164,9.979999542236328,10.1899995803833,7.668711185455322,437600
2016-10-28,10.229999542236328,10.229999542236328,10.0600004196167,10.100000381469727,7.600976467132568,250700
2016-10-31,10.100000381469727,10.180000305175781,10.0,10.15999984741211,7.646130561828613,368700
2016-11-01,10.229999542236328,10.229999542236328,10.100000381469727,10.130000114440918,7.623556613922119,297600
2016-11-02,10.079999923706055,10.119999885559082,9.949999809265137,9.989999771118164,7.518196105957031,251400
2016-11-03,9.970000267028809,10.119999885559082,9.970000267028809,10.029999732971191,7.601563453674316,309700
2016-11-04,10.0,10.170000076293945,9.989999771118164,10.029999732971191,7.601563453674316,250600
2016-11-07,10.239999771118164,10.279999732971191,10.079999923706055,10.079999923706055,7.639456748962402,608200
2016-11-08,10.039999961853027,10.149999618530273,10.010000228881836,10.119999885559082,7.669771194458008,215100
2016-11-09,10.25,10.470000267028809,10.229999542236328,10.470000267028809,7.935031890869141,712300
2016-11-10,10.5,10.979999542236328,10.470000267028809,10.84000015258789,8.215447425842285,748900
2016-11-11,10.8100004196167,11.229999542236328,10.8100004196167,11.220000267028809,8.50344467163086,898700
2016-11-14,11.359999656677246,11.75,11.359999656677246,11.539999961853027,8.745967864990234,433000
2016-11-15,11.460000038146973,11.59000015258789,11.220000267028809,11.550000190734863,8.753544807434082,270100
2016-11-16,11.539999961853027,11.6899995803833,11.4399995803833,11.649999618530273,8.82933235168457,467500
2016-11-17,11.649999618530273,11.9399995803833,11.649999618530273,11.880000114440918,9.003645896911621,333100
2016-11-18,11.859999656677246,12.130000114440918,11.800000190734863,12.109999656677246,9.177957534790039,498300
2016-11-21,12.130000114440918,12.180000305175781,11.970000267028809,12.149999618530273,9.208274841308594,284400
2016-11-22,12.180000305175781,12.3100004196167,12.149999618530273,12.3100004196167,9.329536437988281,298500
2016-11-23,12.34000015258789,12.470000267028809,12.279999732971191,12.470000267028809,9.450793266296387,204300
2016-11-25,12.460000038146973,12.529999732971191,12.399999618530273,12.529999732971191,9.496271133422852,101300
2016-11-28,12.4399995803833,12.479999542236328,12.369999885559082,12.40999984741211,9.40532398223877,342700
2016-11-29,12.470000267028809,12.670000076293945,12.399999618530273,12.609999656677246,9.556899070739746,338800
2016-11-30,12.75,12.8100004196167,12.529999732971191,12.619999885559082,9.564478874206543,267400
2016-12-01,12.699999809265137,12.850000381469727,12.680000305175781,12.8100004196167,9.708476066589355,314300
2016-12-02,12.739999771118164,12.819999694824219,12.640000343322754,12.739999771118164,9.655425071716309,225000
2016-12-05,12.800000190734863,13.029999732971191,12.779999732971191,13.010000228881836,9.860054969787598,305000
2016-12-06,13.050000190734863,13.350000381469727,12.9399995803833,13.329999923706055,10.102575302124023,272900
2016-12-07,13.289999961853027,13.449999809265137,13.170000076293945,13.430000305175781,10.178362846374512,240300
2016-12-08,13.5,13.869999885559082,13.4399995803833,13.8100004196167,10.46635913848877,412400
2016-12-09,13.770000457763672,13.859999656677246,13.6899995803833,13.800000190734863,10.458781242370605,352800
2016-12-12,13.739999771118164,13.899999618530273,13.529999732971191,13.600000381469727,10.307206153869629,486200
2016-12-13,13.59000015258789,13.779999732971191,13.539999961853027,13.75,10.420884132385254,294100
2016-12-14,13.619999885559082,13.800000190734863,13.539999961853027,13.649999618530273,10.345097541809082,257400
2016-12-15,13.59000015258789,13.9399995803833,13.59000015258789,13.859999656677246,10.504252433776855,426500
2016-12-16,13.920000076293945,14.050000190734863,13.649999618530273,13.680000305175781,10.36783504486084,1042700
2016-12-19,13.739999771118164,14.029999732971191,13.619999885559082,13.960000038146973,10.580039024353027,325800
2016-12-20,14.0600004196167,14.25,14.0,14.25,10.79982852935791,271600
2016-12-21,14.199999809265137,14.220000267028809,14.09000015258789,14.140000343322754,10.716462135314941,264300
2016-12-22,14.149999618530273,14.289999961853027,14.029999732971191,14.140000343322754,10.716462135314941,231200
2016-12-23,14.130000114440918,14.34000015258789,14.0600004196167,14.09000015258789,10.678566932678223,172700
2016-12-27,14.050000190734863,14.220000267028809,14.050000190734863,14.180000305175781,10.746774673461914,212400
2016-12-28,14.149999618530273,14.199999809265137,14.09000015258789,14.130000114440918,10.708880424499512,290400
2016-12-29,14.15999984741211,14.220000267028809,14.0,14.149999618530273,10.724038124084473,157700
2016-12-30,14.170000076293945,14.210000038146973,14.0600004196167,14.180000305175781,10.746774673461914,179300
2017-01-03,14.319999694824219,14.430000305175781,14.0600004196167,14.1899995803833,10.754354476928711,385400
2017-01-04,14.260000228881836,14.369999885559082,14.149999618530273,14.270000457763672,10.814986228942871,477500
2017-01-05,14.199999809265137,14.25,13.8100004196167,13.899999618530273,10.534568786621094,236700
2017-01-06,14.010000228881836,14.039999961853027,13.859999656677246,13.890000343322754,10.526988983154297,238600
2017-01-09,13.770000457763672,13.850000381469727,13.569999694824219,13.640000343322754,10.337520599365234,405300
2017-01-10,13.649999618530273,14.050000190734863,13.569999694824219,14.020000457763672,10.62551498413086,308500
2017-01-11,14.0,14.109999656677246,13.850000381469727,14.109999656677246,10.69372272491455,257800
2017-01-12,14.0600004196167,14.0600004196167,13.65999984741211,13.869999885559082,10.511833190917969,245700
2017-01-13,13.949999809265137,14.25,13.920000076293945,14.069999694824219,10.663410186767578,284800
2017-01-17,13.920000076293945,14.020000457763672,13.430000305175781,13.4399995803833,10.185942649841309,201100
2017-01-18,13.520000457763672,13.6899995803833,13.40999984741211,13.6899995803833,10.375411987304688,178500
2017-01-19,13.699999809265137,13.739999771118164,13.40999984741211,13.510000228881836,10.238994598388672,278000
2017-01-20,13.5,13.720000267028809,13.5,13.640000343322754,10.337520599365234,170400
2017-01-23,13.609999656677246,13.680000305175781,13.470000267028809,13.579999923706055,10.292047500610352,140500
2017-01-24,13.65999984741211,13.920000076293945,13.460000038146973,13.859999656677246,10.504252433776855,253400
2017-01-25,14.100000381469727,14.4399995803833,13.949999809265137,14.399999618530273,10.913509368896484,609000
2017-01-26,14.449999809265137,14.609999656677246,14.3100004196167,14.390000343322754,10.905930519104004,383200
2017-01-27,14.329999923706055,14.5,14.220000267028809,14.449999809265137,10.951403617858887,424700
2017-01-30,14.399999618530273,14.399999618530273,13.850000381469727,14.039999961853027,10.640673637390137,526400
2017-01-31,13.960000038146973,14.170000076293945,13.930000305175781,14.119999885559082,10.701300621032715,392100
2017-02-01,14.1899995803833,14.460000038146973,14.029999732971191,14.15999984741211,10.731620788574219,396100
2017-02-02,13.989999771118164,14.029999732971191,13.819999694824219,13.90999984741211,10.602048873901367,309300
2017-02-03,14.15999984741211,14.260000228881836,14.039999961853027,14.109999656677246,10.754483222961426,591300
2017-02-06,14.020000457763672,14.130000114440918,13.859999656677246,13.859999656677246,10.563935279846191,335900
2017-02-07,13.859999656677246,13.90999984741211,13.5600004196167,13.609999656677246,10.373390197753906,647700
2017-02-08,13.529999732971191,13.600000381469727,13.369999885559082,13.449999809265137,10.25144100189209,482500
2017-02-09,13.510000228881836,13.75,13.489999771118164,13.619999885559082,10.381011009216309,384300
2017-02-10,13.710000038146973,13.770000457763672,13.609999656677246,13.65999984741211,10.4114990234375,256600
2017-02-13,13.739999771118164,13.930000305175781,13.729999542236328,13.800000190734863,10.518204689025879,410300
2017-02-14,13.800000190734863,14.079999923706055,13.739999771118164,14.050000190734863,10.708752632141113,427100
2017-02-15,14.09000015258789,14.149999618530273,14.0,14.079999923706055,10.731620788574219,292800
2017-02-16,14.029999732971191,14.239999771118164,13.949999809265137,14.210000038146973,10.830703735351562,408600
2017-02-17,14.119999885559082,14.289999961853027,14.020000457763672,14.279999732971191,10.88405704498291,727800
2017-02-21,14.34000015258789,14.380000114440918,14.260000228881836,14.380000114440918,10.960273742675781,290200
2017-02-22,14.300000190734863,14.59000015258789,14.220000267028809,14.59000015258789,11.120333671569824,540100
2017-02-23,14.5600004196167,14.579999923706055,14.050000190734863,14.229999542236328,10.845948219299316,492300
2017-02-24,14.010000228881836,14.130000114440918,13.949999809265137,14.050000190734863,10.708752632141113,343900
2017-02-27,14.029999732971191,14.149999618530273,13.989999771118164,14.130000114440918,10.769726753234863,409100
2017-02-28,14.039999961853027,14.09000015258789,13.8100004196167,13.930000305175781,10.617288589477539,479600
2017-03-01,14.239999771118164,14.399999618530273,14.1899995803833,14.329999923706055,10.922165870666504,746900
2017-03-02,14.329999923706055,14.369999885559082,13.979999542236328,13.989999771118164,10.663020133972168,584300
2017-03-03,14.039999961853027,14.15999984741211,14.010000228881836,14.100000381469727,10.746864318847656,355000
2017-03-06,13.989999771118164,14.109999656677246,13.829999923706055,14.09000015258789,10.739240646362305,330500
2017-03-07,14.0600004196167,14.149999618530273,13.989999771118164,14.020000457763672,10.685887336730957,312100
2017-03-08,14.140000343322754,14.170000076293945,13.829999923706055,13.84000015258789,10.548690795898438,366400
2017-03-09,13.899999618530273,14.0,13.789999961853027,13.819999694824219,10.53345012664795,227700
2017-03-10,13.9399995803833,13.9399995803833,13.619999885559082,13.720000267028809,10.457232475280762,265300
2017-03-13,13.720000267028809,13.869999885559082,13.640000343322754,13.729999542236328,10.464853286743164,251000
2017-03-14,13.609999656677246,13.710000038146973,13.520000457763672,13.680000305175781,10.42674446105957,191800
2017-03-15,13.739999771118164,13.8100004196167,13.520000457763672,13.520000457763672,10.304793357849121,363900
2017-03-16,13.59000015258789,13.739999771118164,13.569999694824219,13.710000038146973,10.449607849121094,536300
2017-03-17,13.770000457763672,13.850000381469727,13.529999732971191,13.84000015258789,10.548690795898438,1583200
2017-03-20,13.8100004196167,13.8100004196167,13.59000015258789,13.600000381469727,10.365766525268555,363000
2017-03-21,13.6899995803833,13.75,12.899999618530273,12.90999984741211,9.839856147766113,524900
2017-03-22,12.829999923706055,12.989999771118164,12.680000305175781,12.8100004196167,9.763639450073242,466200
2017-03-23,12.800000190734863,13.109999656677246,12.800000190734863,12.989999771118164,9.900834083557129,304400
2017-03-24,13.020000457763672,13.130000114440918,12.890000343322754,12.989999771118164,9.900834083557129,374600
2017-03-27,12.59000015258789,12.880000114440918,12.510000228881836,12.869999885559082,9.809370994567871,355600
2017-03-28,12.800000190734863,13.130000114440918,12.779999732971191,13.109999656677246,9.992295265197754,392200
2017-03-29,13.079999923706055,13.079999923706055,12.859999656677246,12.869999885559082,9.809370994567871,258200
2017-03-30,12.90999984741211,13.399999618530273,12.819999694824219,13.369999885559082,10.190461158752441,405100
2017-03-31,13.300000190734863,13.34000015258789,13.199999809265137,13.260000228881836,10.106624603271484,434100
2017-04-03,13.260000228881836,13.300000190734863,12.880000114440918,13.029999732971191,9.931320190429688,426900
2017-04-04,12.9399995803833,13.0600004196167,12.90999984741211,13.050000190734863,9.946565628051758,367400
2017-04-05,13.149999618530273,13.279999732971191,12.699999809265137,12.739999771118164,9.710284233093262,434300
2017-04-06,12.729999542236328,12.970000267028809,12.630000114440918,12.930000305175781,9.855100631713867,326800
2017-04-07,12.819999694824219,12.960000038146973,12.779999732971191,12.949999809265137,9.87034797668457,415600
2017-04-10,12.960000038146973,12.960000038146973,12.59000015258789,12.649999618530273,9.64168930053711,395000
2017-04-11,12.579999923706055,12.90999984741211,12.550000190734863,12.90999984741211,9.839856147766113,409600
2017-04-12,12.880000114440918,12.930000305175781,12.600000381469727,12.6899995803833,9.6721773147583,303300
2017-04-13,12.619999885559082,12.75,12.279999732971191,12.279999732971191,9.359678268432617,643700
2017-04-17,12.3100004196167,12.609999656677246,12.239999771118164,12.600000381469727,9.603577613830566,286300
2017-04-18,12.449999809265137,12.609999656677246,12.319999694824219,12.609999656677246,9.611197471618652,672100
2017-04-19,12.729999542236328,12.850000381469727,12.609999656677246,12.680000305175781,9.664551734924316,350800
2017-04-20,12.760000228881836,13.09000015258789,12.739999771118164,13.069999694824219,9.961807250976562,500300
2017-04-21,12.960000038146973,13.050000190734863,12.84000015258789,13.0,9.908455848693848,502500
2017-04-24,13.359999656677246,13.420000076293945,12.970000267028809,13.119999885559082,9.99991512298584,869500
2017-04-25,13.279999732971191,13.380000114440918,13.0600004196167,13.300000190734863,10.137110710144043,587800
2017-04-26,13.3100004196167,13.579999923706055,13.279999732971191,13.460000038146973,10.259061813354492,493400
2017-04-27,13.539999961853027,13.59000015258789,13.199999809265137,13.210000038146973,10.068513870239258,357400
2017-04-28,13.270000457763672,13.270000457763672,12.90999984741211,12.90999984741211,9.839856147766113,399000
2017-05-01,12.9399995803833,13.100000381469727,12.8100004196167,13.0600004196167,9.954185485839844,398100
2017-05-02,13.0600004196167,13.09000015258789,12.84000015258789,12.920000076293945,9.847476959228516,275300
2017-05-03,12.770000457763672,13.010000228881836,12.680000305175781,12.949999809265137,9.931841850280762,408300
2017-05-04,13.069999694824219,13.079999923706055,12.84000015258789,12.9399995803833,9.924173355102539,361300
2017-05-05,12.979999542236328,12.979999542236328,12.710000038146973,12.880000114440918,9.878157615661621,325800
2017-05-08,12.880000114440918,12.960000038146973,12.850000381469727,12.930000305175781,9.916505813598633,244300
2017-05-09,12.989999771118164,13.109999656677246,12.779999732971191,12.84000015258789,9.847478866577148,436300
2017-05-10,12.8100004196167,12.9399995803833,12.770000457763672,12.880000114440918,9.878157615661621,284200
2017-05-11,12.800000190734863,12.829999923706055,12.520000457763672,12.710000038146973,9.747775077819824,501800
2017-05-12,12.619999885559082,12.819999694824219,12.5600004196167,12.739999771118164,9.770784378051758,502400
2017-05-15,12.8100004196167,12.920000076293945,12.760000228881836,12.869999885559082,9.870488166809082,281300
2017-05-16,12.90999984741211,12.949999809265137,12.770000457763672,12.949999809265137,9.931841850280762,350000
2017-05-17,12.949999809265137,12.949999809265137,12.180000305175781,12.289999961853027,9.425665855407715,434100
2017-05-18,12.279999732971191,12.520000457763672,12.279999732971191,12.470000267028809,9.563714027404785,496200
2017-05-19,12.470000267028809,12.569999694824219,12.279999732971191,12.3100004196167,9.44100284576416,560200
2017-05-22,12.380000114440918,12.4399995803833,12.220000267028809,12.40999984741211,9.517695426940918,363100
2017-05-23,12.449999809265137,12.619999885559082,12.300000190734863,12.569999694824219,9.640405654907227,343400
2017-05-24,12.600000381469727,12.670000076293945,12.430000305175781,12.569999694824219,9.640405654907227,337000
2017-05-25,12.579999923706055,12.670000076293945,12.449999809265137,12.579999923706055,9.648076057434082,263000
2017-05-26,12.529999732971191,12.550000190734863,12.420000076293945,12.470000267028809,9.563714027404785,262400
2017-05-30,12.420000076293945,12.4399995803833,12.180000305175781,12.350000381469727,9.471681594848633,454200
2017-05-31,12.369999885559082,12.369999885559082,12.050000190734863,12.279999732971191,9.417994499206543,582400
2017-06-01,12.34000015258789,12.59000015258789,12.210000038146973,12.579999923706055,9.648076057434082,445600
2017-06-02,12.529999732971191,12.760000228881836,12.399999618530273,12.4399995803833,9.540704727172852,930200
2017-06-05,12.470000267028809,12.609999656677246,12.460000038146973,12.479999542236328,9.571380615234375,374300
2017-06-06,12.329999923706055,12.479999542236328,12.239999771118164,12.359999656677246,9.479349136352539,393200
2017-06-07,12.40999984741211,12.539999961853027,12.380000114440918,12.479999542236328,9.571380615234375,345900
2017-06-08,12.449999809265137,12.960000038146973,12.420000076293945,12.770000457763672,9.79379653930664,868000
2017-06-09,12.850000381469727,13.1899995803833,12.779999732971191,13.140000343322754,10.077558517456055,1589800
2017-06-12,13.15999984741211,13.4399995803833,13.020000457763672,13.109999656677246,10.054553985595703,758700
2017-06-13,13.210000038146973,13.350000381469727,13.0600004196167,13.1899995803833,10.115907669067383,566200
2017-06-14,13.09000015258789,13.180000305175781,12.84000015258789,13.180000305175781,10.108236312866211,466200
2017-06-15,13.09000015258789,13.359999656677246,13.020000457763672,13.170000076293945,10.100566864013672,364800
2017-06-16,13.010000228881836,13.130000114440918,12.880000114440918,12.899999618530273,9.89349365234375,1272800
2017-06-19,13.0,13.09000015258789,12.770000457763672,12.789999961853027,9.80913257598877,454500
2017-06-20,12.760000228881836,12.789999961853027,12.609999656677246,12.619999885559082,9.678752899169922,300900
2017-06-21,12.649999618530273,12.670000076293945,12.449999809265137,12.460000038146973,9.55604362487793,386500
2017-06-22,12.449999809265137,12.550000190734863,12.34000015258789,12.430000305175781,9.533034324645996,288600
2017-06-23,12.5,12.510000228881836,12.300000190734863,12.34000015258789,9.464008331298828,1164900
2017-06-26,12.34000015258789,12.470000267028809,12.25,12.369999885559082,9.487019538879395,347100
2017-06-27,12.4399995803833,12.569999694824219,12.319999694824219,12.460000038146973,9.55604362487793,596100
2017-06-28,12.539999961853027,12.6899995803833,12.520000457763672,12.680000305175781,9.724771499633789,367300
2017-06-29,12.920000076293945,12.9399995803833,12.609999656677246,12.800000190734863,9.816802978515625,400400
2017-06-30,12.850000381469727,12.850000381469727,12.5600004196167,12.680000305175781,9.724771499633789,451100
2017-07-03,12.760000228881836,13.130000114440918,12.720000267028809,13.09000015258789,10.039213180541992,229700
2017-07-05,13.100000381469727,13.100000381469727,12.6899995803833,12.859999656677246,9.862818717956543,373600
2017-07-06,12.84000015258789,12.890000343322754,12.670000076293945,12.680000305175781,9.724771499633789,401800
2017-07-07,12.760000228881836,13.050000190734863,12.6899995803833,13.050000190734863,10.008538246154785,517100
2017-07-10,13.0,13.020000457763672,12.760000228881836,12.829999923706055,9.839813232421875,404900
2017-07-11,12.859999656677246,12.880000114440918,12.649999618530273,12.829999923706055,9.839813232421875,520300
2017-07-12,12.789999961853027,12.970000267028809,12.770000457763672,12.859999656677246,9.862818717956543,309800
2017-07-13,12.890000343322754,12.90999984741211,12.739999771118164,12.890000343322754,9.885826110839844,351600
2017-07-14,12.760000228881836,12.850000381469727,12.5600004196167,12.779999732971191,9.80146598815918,394300
2017-07-17,12.859999656677246,12.90999984741211,12.680000305175781,12.869999885559082,9.870488166809082,528400
2017-07-18,12.770000457763672,12.970000267028809,12.739999771118164,12.960000038146973,9.939513206481934,516400
2017-07-19,12.960000038146973,13.079999923706055,12.869999885559082,12.979999542236328,9.954850196838379,460300
2017-07-20,12.970000267028809,13.0600004196167,12.899999618530273,13.010000228881836,9.977856636047363,478600
2017-07-21,13.119999885559082,13.119999885559082,12.760000228881836,12.789999961853027,9.80913257598877,369900
2017-07-24,12.779999732971191,12.9399995803833,12.779999732971191,12.90999984741211,9.901163101196289,345400
2017-07-25,13.079999923706055,13.220000267028809,13.039999961853027,13.180000305175781,10.108236312866211,437900
2017-07-26,13.020000457763672,13.210000038146973,12.800000190734863,12.8100004196167,9.824472427368164,337100
2017-07-27,12.899999618530273,13.09000015258789,12.8100004196167,12.949999809265137,9.931841850280762,300000
2017-07-28,12.9399995803833,12.970000267028809,12.800000190734863,12.930000305175781,9.916505813598633,250600
2017-07-31,13.0,13.100000381469727,12.899999618530273,13.029999732971191,9.993197441101074,288800
2017-08-01,13.079999923706055,13.119999885559082,12.960000038146973,13.050000190734863,10.008538246154785,243300
2017-08-02,13.050000190734863,13.09000015258789,12.890000343322754,12.979999542236328,9.954850196838379,300700
2017-08-03,12.899999618530273,12.979999542236328,12.720000267028809,12.770000457763672,9.854530334472656,265900
2017-08-04,12.899999618530273,13.0,12.850000381469727,12.9399995803833,9.985718727111816,268300
2017-08-07,12.949999809265137,12.970000267028809,12.789999961853027,12.819999694824219,9.89311408996582,228200
2017-08-08,12.800000190734863,13.029999732971191,12.710000038146973,12.829999923706055,9.900833129882812,218400
2017-08-09,12.6899995803833,12.859999656677246,12.649999618530273,12.8100004196167,9.885395050048828,453600
2017-08-10,12.6899995803833,12.710000038146973,12.470000267028809,12.479999542236328,9.63074016571045,403900
2017-08-11,12.399999618530273,12.609999656677246,12.359999656677246,12.420000076293945,9.584439277648926,476500
2017-08-14,12.600000381469727,12.8100004196167,12.59000015258789,12.789999961853027,9.869965553283691,309300
2017-08-15,12.90999984741211,12.949999809265137,12.729999542236328,12.739999771118164,9.831378936767578,316000
2017-08-16,12.779999732971191,12.880000114440918,12.710000038146973,12.760000228881836,9.84681224822998,425000
2017-08-17,12.65999984741211,12.739999771118164,12.430000305175781,12.449999809265137,9.60759162902832,504000
2017-08-18,12.34000015258789,12.569999694824219,12.279999732971191,12.489999771118164,9.63845443725586,517400
2017-08-21,12.479999542236328,12.529999732971191,12.359999656677246,12.510000228881836,9.653890609741211,281200
2017-08-22,12.5600004196167,12.630000114440918,12.539999961853027,12.619999885559082,9.738776206970215,241900
2017-08-23,12.489999771118164,12.699999809265137,12.470000267028809,12.609999656677246,9.731060028076172,261000
2017-08-24,12.699999809265137,12.699999809265137,12.529999732971191,12.630000114440918,9.746495246887207,274400
2017-08-25,12.6899995803833,12.8100004196167,12.640000343322754,12.770000457763672,9.854530334472656,267100
2017-08-28,12.800000190734863,12.819999694824219,12.640000343322754,12.710000038146973,9.808229446411133,290000
2017-08-29,12.569999694824219,12.670000076293945,12.489999771118164,12.619999885559082,9.738776206970215,346200
2017-08-30,12.630000114440918,12.800000190734863,12.550000190734863,12.609999656677246,9.731060028076172,440400
2017-08-31,12.680000305175781,12.699999809265137,12.539999961853027,12.609999656677246,9.731060028076172,610800
2017-09-01,12.600000381469727,12.800000190734863,12.600000381469727,12.6899995803833,9.792794227600098,312900
2017-09-05,12.640000343322754,12.779999732971191,12.529999732971191,12.5600004196167,9.692474365234375,667000
2017-09-06,12.619999885559082,12.670000076293945,12.479999542236328,12.5,9.646170616149902,331600
2017-09-07,12.470000267028809,12.479999542236328,12.069999694824219,12.140000343322754,9.368361473083496,509500
2017-09-08,12.130000114440918,12.470000267028809,12.130000114440918,12.279999732971191,9.476398468017578,529700
2017-09-11,12.460000038146973,12.619999885559082,12.40999984741211,12.520000457763672,9.661608695983887,611900
2017-09-12,12.579999923706055,12.970000267028809,12.5600004196167,12.970000267028809,10.008869171142578,625100
2017-09-13,12.90999984741211,13.069999694824219,12.84000015258789,13.069999694824219,10.086038589477539,483500
2017-09-14,13.09000015258789,13.149999618530273,12.979999542236328,13.010000228881836,10.0397367477417,528700
2017-09-15,13.029999732971191,13.15999984741211,12.920000076293945,13.130000114440918,10.132338523864746,1911900
2017-09-18,13.109999656677246,13.239999771118164,13.0600004196167,13.09000015258789,10.101471900939941,822400
2017-09-19,13.09000015258789,13.199999809265137,13.079999923706055,13.109999656677246,10.116904258728027,712400
2017-09-20,13.069999694824219,13.319999694824219,13.0,13.239999771118164,10.217225074768066,735800
2017-09-21,13.25,13.380000114440918,13.25,13.279999732971191,10.248096466064453,505800
2017-09-22,13.170000076293945,13.420000076293945,13.170000076293945,13.380000114440918,10.325263023376465,415600
2017-09-25,13.380000114440918,13.619999885559082,13.380000114440918,13.479999542236328,10.402432441711426,705500
2017-09-26,13.5,13.619999885559082,13.430000305175781,13.579999923706055,10.479601860046387,325700
2017-09-27,13.75,14.180000305175781,13.6899995803833,14.069999694824219,10.8577299118042,767500
2017-09-28,14.039999961853027,14.149999618530273,13.8100004196167,14.130000114440918,10.904031753540039,419700
2017-09-29,14.09000015258789,14.199999809265137,14.079999923706055,14.130000114440918,10.904031753540039,595800
2017-10-02,14.140000343322754,14.300000190734863,14.039999961853027,14.289999961853027,11.027503967285156,883600
2017-10-03,14.3100004196167,14.329999923706055,14.140000343322754,14.329999923706055,11.058372497558594,562600
2017-10-04,14.3100004196167,14.3100004196167,14.0,14.029999732971191,10.826863288879395,379100
2017-10-05,14.100000381469727,14.260000228881836,14.029999732971191,14.229999542236328,10.981202125549316,342800
2017-10-06,14.260000228881836,14.3100004196167,14.140000343322754,14.1899995803833,10.950334548950195,488900
2017-10-09,14.220000267028809,14.260000228881836,14.119999885559082,14.149999618530273,10.919466972351074,285600
2017-10-10,14.220000267028809,14.300000190734863,14.119999885559082,14.289999961853027,11.027503967285156,407100
2017-10-11,14.239999771118164,14.300000190734863,14.149999618530273,14.170000076293945,10.93490219116211,335500
2017-10-12,14.1899995803833,14.25,14.100000381469727,14.130000114440918,10.904031753540039,399300
2017-10-13,14.079999923706055,14.220000267028809,13.90999984741211,14.100000381469727,10.88088321685791,339900
2017-10-16,14.140000343322754,14.289999961853027,14.119999885559082,14.199999809265137,10.958052635192871,289500
2017-10-17,14.229999542236328,14.229999542236328,13.920000076293945,13.9399995803833,10.757411003112793,388300
2017-10-18,14.0,14.119999885559082,13.949999809265137,14.020000457763672,10.819147109985352,442900
2017-10-19,13.720000267028809,14.180000305175781,13.649999618530273,14.130000114440918,10.904031753540039,360700
2017-10-20,14.289999961853027,14.289999961853027,14.119999885559082,14.130000114440918,10.904031753540039,289600
2017-10-23,14.170000076293945,14.25,14.0,14.029999732971191,10.826863288879395,243000
2017-10-24,14.069999694824219,14.220000267028809,14.039999961853027,14.119999885559082,10.89631462097168,403300
2017-10-25,14.170000076293945,14.170000076293945,13.770000457763672,14.0600004196167,10.850014686584473,529800
2017-10-26,14.170000076293945,14.600000381469727,14.170000076293945,14.539999961853027,11.220429420471191,901500
2017-10-27,14.5,14.760000228881836,14.40999984741211,14.640000343322754,11.297597885131836,685800
2017-10-30,14.569999694824219,14.569999694824219,14.3100004196167,14.380000114440918,11.09695816040039,581300
2017-10-31,14.399999618530273,14.649999618530273,14.34000015258789,14.5600004196167,11.235862731933594,480600
2017-11-01,14.670000076293945,14.699999809265137,14.40999984741211,14.489999771118164,11.181840896606445,457200
2017-11-02,14.40999984741211,14.65999984741211,14.3100004196167,14.640000343322754,11.297597885131836,284700
2017-11-03,14.460000038146973,14.510000228881836,14.390000343322754,14.460000038146973,11.220001220703125,179900
2017-11-06,14.40999984741211,14.489999771118164,14.319999694824219,14.420000076293945,11.18896770477295,239900
2017-11-07,14.420000076293945,14.430000305175781,13.930000305175781,13.979999542236328,10.847557067871094,354100
2017-11-08,13.899999618530273,13.899999618530273,13.6899995803833,13.819999694824219,10.723405838012695,357100
2017-11-09,13.760000228881836,13.869999885559082,13.579999923706055,13.779999732971191,10.692370414733887,577900
2017-11-10,13.84000015258789,13.899999618530273,13.739999771118164,13.779999732971191,10.692370414733887,215300
2017-11-13,13.779999732971191,14.15999984741211,13.710000038146973,14.15999984741211,10.987223625183105,650200
2017-11-14,14.050000190734863,14.210000038146973,14.050000190734863,14.140000343322754,10.971705436706543,505200
2017-11-15,14.0,14.239999771118164,13.970000267028809,14.109999656677246,10.948426246643066,317100
2017-11-16,14.220000267028809,14.279999732971191,14.09000015258789,14.180000305175781,11.002742767333984,334100
2017-11-17,14.0600004196167,14.279999732971191,14.029999732971191,14.220000267028809,11.033780097961426,403200
2017-11-20,14.279999732971191,14.399999618530273,14.199999809265137,14.390000343322754,11.165691375732422,288100
2017-11-21,14.460000038146973,14.640000343322754,14.390000343322754,14.539999961853027,11.282079696655273,738200
2017-11-22,14.550000190734863,14.649999618530273,14.449999809265137,14.460000038146973,11.220001220703125,287300
2017-11-24,14.510000228881836,14.510000228881836,14.289999961853027,14.329999923706055,11.119131088256836,335900
2017-11-27,14.359999656677246,14.5,14.329999923706055,14.34000015258789,11.126893043518066,245700
2017-11-28,14.399999618530273,14.84000015258789,14.329999923706055,14.819999694824219,11.499341011047363,638100
2017-11-29,14.9399995803833,15.350000381469727,14.899999618530273,15.300000190734863,11.87179183959961,747900
2017-11-30,15.350000381469727,15.420000076293945,15.0600004196167,15.100000381469727,11.716602325439453,773400
2017-12-01,15.029999732971191,15.270000457763672,14.630000114440918,15.149999618530273,11.755398750305176,749500
2017-12-04,15.430000305175781,15.670000076293945,15.270000457763672,15.319999694824219,11.887309074401855,584300
2017-12-05,15.359999656677246,15.359999656677246,14.970000267028809,14.989999771118164,11.631251335144043,468900
2017-12-06,14.9399995803833,15.100000381469727,14.890000343322754,14.890000343322754,11.553656578063965,298500
2017-12-07,14.800000190734863,15.010000228881836,14.789999961853027,14.880000114440918,11.545896530151367,449400
2017-12-08,15.010000228881836,15.010000228881836,14.779999732971191,14.84000015258789,11.51485824584961,325600
2017-12-11,14.859999656677246,14.869999885559082,14.630000114440918,14.670000076293945,11.382949829101562,292500
2017-12-12,14.739999771118164,14.84000015258789,14.640000343322754,14.75,11.445023536682129,373300
2017-12-13,14.739999771118164,14.850000381469727,14.489999771118164,14.5,11.251043319702148,630700
2017-12-14,14.59000015258789,14.65999984741211,14.3100004196167,14.350000381469727,11.134653091430664,557700
2017-12-15,14.399999618530273,14.930000305175781,14.380000114440918,14.789999961853027,11.47606372833252,1669300
2017-12-18,14.960000038146973,15.100000381469727,14.84000015258789,14.9399995803833,11.592453002929688,341600
2017-12-19,14.989999771118164,15.020000457763672,14.829999923706055,14.829999923706055,11.507100105285645,420900
2017-12-20,14.9399995803833,14.9399995803833,14.619999885559082,14.739999771118164,11.43726634979248,315600
2017-12-21,14.800000190734863,14.890000343322754,14.75,14.859999656677246,11.530377388000488,262800
2017-12-22,14.899999618530273,14.899999618530273,14.6899995803833,14.720000267028809,11.421748161315918,240200
2017-12-26,14.680000305175781,14.779999732971191,14.520000457763672,14.600000381469727,11.328636169433594,234600
2017-12-27,14.579999923706055,14.670000076293945,14.470000267028809,14.489999771118164,11.243281364440918,328600
2017-12-28,14.489999771118164,14.520000457763672,14.369999885559082,14.479999542236328,11.23552131652832,216200
2017-12-29,14.489999771118164,14.5,14.3100004196167,14.319999694824219,11.111372947692871,434500
2018-01-02,14.369999885559082,14.4399995803833,14.130000114440918,14.239999771118164,11.049300193786621,401500
2018-01-03,14.199999809265137,14.210000038146973,14.0,14.130000114440918,10.963944435119629,507200
2018-01-04,14.300000190734863,14.640000343322754,14.270000457763672,14.399999618530273,11.173450469970703,654400
2018-01-05,14.4399995803833,14.510000228881836,14.369999885559082,14.489999771118164,11.243281364440918,296500
2018-01-08,14.5,14.520000457763672,14.359999656677246,14.5,11.251043319702148,544600
2018-01-09,14.550000190734863,14.75,14.539999961853027,14.619999885559082,11.344152450561523,848100
2018-01-10,14.59000015258789,14.850000381469727,14.59000015258789,14.619999885559082,11.344152450561523,663100
2018-01-11,14.760000228881836,15.029999732971191,14.710000038146973,14.970000267028809,11.615730285644531,786300
2018-01-12,15.029999732971191,15.25,14.960000038146973,15.09000015258789,11.708844184875488,353200
2018-01-16,15.220000267028809,15.229999542236328,14.880000114440918,14.949999809265137,11.600213050842285,567300
2018-01-17,14.970000267028809,15.050000190734863,14.819999694824219,15.020000457763672,11.654525756835938,404300
2018-01-18,15.039999961853027,15.069999694824219,14.829999923706055,14.890000343322754,11.553656578063965,363900
2018-01-19,14.829999923706055,15.140000343322754,14.829999923706055,15.140000343322754,11.747642517089844,433100
2018-01-22,15.039999961853027,15.100000381469727,14.930000305175781,15.100000381469727,11.716602325439453,274000
2018-01-23,15.050000190734863,15.09000015258789,14.850000381469727,14.979999542236328,11.623491287231445,278300
2018-01-24,15.050000190734863,15.130000114440918,14.819999694824219,14.880000114440918,11.545896530151367,430500
2018-01-25,15.010000228881836,15.010000228881836,14.5600004196167,14.84000015258789,11.51485824584961,1023200
2018-01-26,14.84000015258789,14.859999656677246,14.579999923706055,14.829999923706055,11.507100105285645,522200
2018-01-29,14.779999732971191,14.869999885559082,14.670000076293945,14.670000076293945,11.382949829101562,406000
2018-01-30,14.5,14.65999984741211,14.399999618530273,14.4399995803833,11.204484939575195,727400
2018-01-31,14.489999771118164,14.640000343322754,14.40999984741211,14.470000267028809,11.227763175964355,494700
2018-02-01,14.359999656677246,14.59000015258789,14.210000038146973,14.59000015258789,11.383814811706543,520300
2018-02-02,14.5,14.729999542236328,14.4399995803833,14.510000228881836,11.321393966674805,500800
2018-02-05,14.270000457763672,14.579999923706055,13.850000381469727,13.859999656677246,10.814233779907227,736900
2018-02-06,13.550000190734863,14.039999961853027,13.5,13.930000305175781,10.86884880065918,1215900
2018-02-07,13.899999618530273,14.039999961853027,13.800000190734863,13.960000038146973,10.892256736755371,613800
2018-02-08,14.020000457763672,14.039999961853027,13.579999923706055,13.59000015258789,10.60356616973877,650200
2018-02-09,13.75,14.0,13.59000015258789,13.90999984741211,10.853246688842773,876800
2018-02-12,13.949999809265137,14.0600004196167,13.75,13.890000343322754,10.837640762329102,456500
2018-02-13,13.779999732971191,13.960000038146973,13.739999771118164,13.930000305175781,10.86884880065918,295200
2018-02-14,13.869999885559082,14.210000038146973,13.8100004196167,14.1899995803833,11.071717262268066,463700
2018-02-15,14.300000190734863,14.329999923706055,14.199999809265137,14.289999961853027,11.149739265441895,318900
2018-02-16,14.220000267028809,14.529999732971191,14.199999809265137,14.4399995803833,11.266776084899902,490300
2018-02-20,14.40999984741211,14.569999694824219,14.15999984741211,14.239999771118164,11.110727310180664,407700
2018-02-21,14.239999771118164,14.510000228881836,14.239999771118164,14.369999885559082,11.212158203125,311500
2018-02-22,14.399999618530273,14.449999809265137,14.149999618530273,14.170000076293945,11.056110382080078,389600
2018-02-23,14.229999542236328,14.390000343322754,14.220000267028809,14.369999885559082,11.212158203125,249800
2018-02-26,14.40999984741211,14.489999771118164,14.300000190734863,14.489999771118164,11.305789947509766,308700
2018-02-27,14.460000038146973,14.680000305175781,14.239999771118164,14.239999771118164,11.110727310180664,324800
2018-02-28,14.270000457763672,14.359999656677246,13.970000267028809,13.970000267028809,10.900059700012207,581600
2018-03-01,13.9399995803833,14.079999923706055,13.890000343322754,13.930000305175781,10.86884880065918,426800
2018-03-02,13.850000381469727,14.270000457763672,13.770000457763672,14.229999542236328,11.102923393249512,368600
2018-03-05,14.119999885559082,14.489999771118164,14.0,14.420000076293945,11.25117015838623,445600
2018-03-06,14.460000038146973,14.609999656677246,14.270000457763672,14.600000381469727,11.391617774963379,427500
2018-03-07,14.489999771118164,14.779999732971191,14.489999771118164,14.739999771118164,11.500848770141602,598500
2018-03-08,14.75,14.789999961853027,14.430000305175781,14.479999542236328,11.297986030578613,701900
2018-03-09,14.630000114440918,14.90999984741211,14.600000381469727,14.890000343322754,11.617890357971191,359300
2018-03-12,14.899999618530273,15.109999656677246,14.859999656677246,14.949999809265137,11.664703369140625,407700
2018-03-13,14.989999771118164,14.989999771118164,14.760000228881836,14.789999961853027,11.539862632751465,638800
2018-03-14,14.859999656677246,14.979999542236328,14.600000381469727,14.600000381469727,11.391617774963379,464800
2018-03-15,14.65999984741211,14.75,14.539999961853027,14.6899995803833,11.461836814880371,426800
2018-03-16,14.720000267028809,14.930000305175781,14.670000076293945,14.8100004196167,11.555464744567871,1330900
2018-03-19,14.75,14.84000015258789,14.520000457763672,14.760000228881836,11.51645278930664,675000
2018-03-20,14.760000228881836,14.779999732971191,14.569999694824219,14.640000343322754,11.422825813293457,293900
2018-03-21,14.630000114440918,14.800000190734863,14.529999732971191,14.65999984741211,11.438431739807129,326300
2018-03-22,14.5,14.579999923706055,14.180000305175781,14.180000305175781,11.063911437988281,538000
2018-03-23,14.229999542236328,14.229999542236328,13.720000267028809,13.720000267028809,10.704997062683105,884300
2018-03-26,13.930000305175781,14.119999885559082,13.859999656677246,14.079999923706055,10.985885620117188,493700
2018-03-27,14.09000015258789,14.149999618530273,13.800000190734863,13.859999656677246,10.814233779907227,642900
2018-03-28,13.890000343322754,14.180000305175781,13.789999961853027,14.069999694824219,10.978083610534668,568800
2018-03-29,14.119999885559082,14.270000457763672,14.029999732971191,14.130000114440918,11.02489948272705,1010300
2018-04-02,14.09000015258789,14.1899995803833,13.710000038146973,13.880000114440918,10.82983684539795,786600
2018-04-03,13.930000305175781,14.100000381469727,13.859999656677246,14.069999694824219,10.978083610534668,700100
2018-04-04,13.930000305175781,14.359999656677246,13.880000114440918,14.319999694824219,11.173145294189453,700500
2018-04-05,14.40999984741211,14.430000305175781,14.210000038146973,14.399999618530273,11.235567092895508,458100
2018-04-06,14.279999732971191,14.369999885559082,13.880000114440918,14.010000228881836,10.93127155303955,619100
2018-04-09,14.079999923706055,14.300000190734863,14.020000457763672,14.029999732971191,10.94687557220459,324400
2018-04-10,14.220000267028809,14.3100004196167,14.079999923706055,14.25,11.118529319763184,403800
2018-04-11,14.130000114440918,14.239999771118164,14.100000381469727,14.210000038146973,11.087318420410156,291300
2018-04-12,14.289999961853027,14.5,14.289999961853027,14.430000305175781,11.258971214294434,268500
2018-04-13,14.529999732971191,14.529999732971191,14.220000267028809,14.260000228881836,11.126331329345703,276500
2018-04-16,14.359999656677246,14.460000038146973,14.289999961853027,14.40999984741211,11.243369102478027,302400
2018-04-17,14.470000267028809,14.470000267028809,14.149999618530273,14.279999732971191,11.141935348510742,402600
2018-04-18,14.300000190734863,14.369999885559082,14.25,14.260000228881836,11.126331329345703,386400
2018-04-19,14.270000457763672,14.520000457763672,14.270000457763672,14.470000267028809,11.290182113647461,390600
2018-04-20,14.489999771118164,14.760000228881836,14.470000267028809,14.75,11.508650779724121,1465000
2018-04-23,14.789999961853027,14.960000038146973,14.729999542236328,14.949999809265137,11.664703369140625,501700
2018-04-24,14.979999542236328,15.279999732971191,14.729999542236328,15.229999542236328,11.883172035217285,945500
2018-04-25,15.270000457763672,15.399999618530273,15.15999984741211,15.270000457763672,11.914381980895996,924300
2018-04-26,15.279999732971191,15.489999771118164,15.1899995803833,15.319999694824219,11.95339584350586,641800
2018-04-27,15.34000015258789,15.4399995803833,15.239999771118164,15.289999961853027,11.929987907409668,550700
2018-04-30,15.319999694824219,15.399999618530273,15.140000343322754,15.140000343322754,11.812949180603027,497700
2018-05-01,15.15999984741211,15.319999694824219,14.930000305175781,15.25,11.89877986907959,586600
2018-05-02,15.229999542236328,15.390000343322754,15.039999961853027,15.210000038146973,11.867568016052246,678800
2018-05-03,15.039999961853027,15.140000343322754,14.890000343322754,15.010000228881836,11.781228065490723,547700
2018-05-04,14.949999809265137,15.359999656677246,14.890000343322754,15.199999809265137,11.930357933044434,474900
2018-05-07,15.300000190734863,15.399999618530273,15.15999984741211,15.300000190734863,12.008848190307617,1159500
2018-05-08,15.4399995803833,15.539999961853027,15.350000381469727,15.5,12.165823936462402,807400
2018-05-09,15.569999694824219,15.779999732971191,15.520000457763672,15.720000267028809,12.338502883911133,479500
2018-05-10,15.65999984741211,15.75,15.539999961853027,15.670000076293945,12.299257278442383,408600
2018-05-11,15.710000038146973,15.75,15.649999618530273,15.680000305175781,12.307106018066406,671700
2018-05-14,15.710000038146973,15.720000267028809,15.4399995803833,15.470000267028809,12.142278671264648,655100
2018-05-15,15.470000267028809,15.65999984741211,15.470000267028809,15.59000015258789,12.236466407775879,624000
2018-05-16,15.579999923706055,15.6899995803833,15.520000457763672,15.609999656677246,12.252166748046875,548700
2018-05-17,15.649999618530273,15.779999732971191,15.579999923706055,15.75,12.362048149108887,695600
2018-05-18,15.779999732971191,15.779999732971191,15.569999694824219,15.600000381469727,12.244316101074219,705200
2018-05-21,15.640000343322754,15.789999961853027,15.640000343322754,15.789999961853027,12.393444061279297,394000
2018-05-22,15.8100004196167,15.989999771118164,15.779999732971191,15.850000381469727,12.440535545349121,689600
2018-05-23,15.819999694824219,15.859999656677246,15.670000076293945,15.760000228881836,12.36989688873291,369800
2018-05-24,15.710000038146973,15.75,15.470000267028809,15.739999771118164,12.354201316833496,333200
2018-05-25,15.670000076293945,15.779999732971191,15.640000343322754,15.6899995803833,12.314953804016113,335100
2018-05-29,15.510000228881836,15.680000305175781,15.34000015258789,15.4399995803833,12.118731498718262,571700
2018-05-30,15.59000015258789,15.84000015258789,15.579999923706055,15.779999732971191,12.385595321655273,572300
2018-05-31,15.75,15.84000015258789,15.630000114440918,15.6899995803833,12.314953804016113,447600
2018-06-01,15.84000015258789,15.960000038146973,15.8100004196167,15.859999656677246,12.448389053344727,452800
2018-06-04,15.920000076293945,16.100000381469727,15.869999885559082,16.06999969482422,12.613211631774902,473500
2018-06-05,16.020000457763672,16.110000610351562,15.930000305175781,16.06999969482422,12.613211631774902,346200
2018-06-06,16.1200008392334,16.31999969482422,16.1200008392334,16.290000915527344,12.78589153289795,432100
2018-06-07,16.34000015258789,16.399999618530273,16.200000762939453,16.260000228881836,12.762343406677246,334000
2018-06-08,16.229999542236328,16.360000610351562,16.229999542236328,16.299999237060547,12.79373550415039,359500
2018-06-11,16.34000015258789,16.389999389648438,16.06999969482422,16.1200008392334,12.652457237243652,347300
2018-06-12,16.149999618530273,16.239999771118164,15.899999618530273,16.0,12.558272361755371,380600
2018-06-13,16.049999237060547,16.18000030517578,15.90999984741211,15.970000267028809,12.534727096557617,460400
2018-06-14,15.989999771118164,15.989999771118164,15.770000457763672,15.970000267028809,12.534727096557617,451400
2018-06-15,15.880000114440918,16.049999237060547,15.739999771118164,15.979999542236328,12.542573928833008,1726900
2018-06-18,15.890000343322754,16.100000381469727,15.789999961853027,16.020000457763672,12.573970794677734,390400
2018-06-19,15.930000305175781,16.229999542236328,15.930000305175781,16.209999084472656,12.723099708557129,463100
2018-06-20,16.299999237060547,16.360000610351562,16.200000762939453,16.290000915527344,12.78589153289795,345200
2018-06-21,16.260000228881836,16.31999969482422,16.100000381469727,16.190000534057617,12.707401275634766,397600
2018-06-22,16.31999969482422,16.31999969482422,16.040000915527344,16.100000381469727,12.636761665344238,855200
2018-06-25,16.06999969482422,16.06999969482422,15.800000190734863,15.920000076293945,12.495478630065918,542100
2018-06-26,16.0,16.010000228881836,15.84000015258789,15.970000267028809,12.534727096557617,452700
2018-06-27,16.0,16.0,15.670000076293945,15.6899995803833,12.314953804016113,758800
2018-06-28,15.699999809265137,15.789999961853027,15.600000381469727,15.680000305175781,12.307106018066406,522900
2018-06-29,15.84000015258789,15.869999885559082,15.510000228881836,15.510000228881836,12.173675537109375,642600
2018-07-02,15.40999984741211,15.739999771118164,15.40999984741211,15.739999771118164,12.354201316833496,438300
2018-07-03,15.760000228881836,15.880000114440918,15.649999618530273,15.65999984741211,12.291409492492676,188200
2018-07-05,15.770000457763672,15.800000190734863,15.609999656677246,15.800000190734863,12.401291847229004,335800
2018-07-06,15.75,15.890000343322754,15.65999984741211,15.850000381469727,12.440535545349121,326200
2018-07-09,15.920000076293945,16.15999984741211,15.920000076293945,16.1299991607666,12.660307884216309,248300
2018-07-10,16.219999313354492,16.229999542236328,15.899999618530273,15.970000267028809,12.534727096557617,383200
2018-07-11,15.890000343322754,16.059999465942383,15.890000343322754,15.920000076293945,12.495478630065918,237300
2018-07-12,15.989999771118164,15.989999771118164,15.640000343322754,15.800000190734863,12.401291847229004,325400
2018-07-13,15.75,15.850000381469727,15.65999984741211,15.680000305175781,12.307106018066406,233600
2018-07-16,15.75,15.84000015258789,15.720000267028809,15.819999694824219,12.416990280151367,262700
2018-07-17,15.84000015258789,16.010000228881836,15.84000015258789,15.880000114440918,12.46408462524414,252300
2018-07-18,15.869999885559082,16.059999465942383,15.869999885559082,16.049999237060547,12.597517013549805,310300
2018-07-19,16.0,16.170000076293945,15.930000305175781,16.1299991607666,12.660307884216309,315400
2018-07-20,16.149999618530273,16.290000915527344,16.06999969482422,16.200000762939453,12.715249061584473,254500
2018-07-23,16.149999618530273,16.68000030517578,16.149999618530273,16.600000381469727,13.029207229614258,517200
2018-07-24,16.56999969482422,16.59000015258789,16.309999465942383,16.399999618530273,12.872228622436523,339100
2018-07-25,16.75,17.25,16.700000762939453,17.1299991607666,13.445198059082031,1016500
2018-07-26,17.149999618530273,17.790000915527344,17.1299991607666,17.719999313354492,13.908281326293945,658700
2018-07-27,17.770000457763672,17.90999984741211,17.489999771118164,17.600000381469727,13.814099311828613,435300
2018-07-30,17.649999618530273,17.670000076293945,17.190000534057617,17.190000534057617,13.49229621887207,540100
2018-07-31,17.229999542236328,17.229999542236328,16.81999969482422,16.8700008392334,13.241127967834473,699900
2018-08-01,16.920000076293945,17.15999984741211,16.889999389648438,17.110000610351562,13.429502487182617,508500
2018-08-02,17.0,17.110000610351562,16.84000015258789,17.100000381469727,13.49262809753418,413700
2018-08-03,17.06999969482422,17.139999389648438,16.829999923706055,16.860000610351562,13.303253173828125,228100
2018-08-06,16.8799991607666,16.920000076293945,16.739999771118164,16.81999969482422,13.271693229675293,310600
2018-08-07,16.8799991607666,16.920000076293945,16.700000762939453,16.719999313354492,13.192788124084473,440900
2018-08-08,16.709999084472656,16.850000381469727,16.6200008392334,16.829999923706055,13.279582977294922,329600
2018-08-09,16.809999465942383,16.8700008392334,16.690000534057617,16.760000228881836,13.224349021911621,300900
2018-08-10,16.65999984741211,16.81999969482422,16.600000381469727,16.760000228881836,13.224349021911621,259200
2018-08-13,16.770000457763672,16.889999389648438,16.670000076293945,16.729999542236328,13.200678825378418,483000
2018-08-14,16.770000457763672,17.06999969482422,16.770000457763672,17.010000228881836,13.421612739562988,278200
2018-08-15,16.979999542236328,17.059999465942383,16.850000381469727,16.850000381469727,13.295364379882812,274200
2018-08-16,16.90999984741211,17.09000015258789,16.90999984741211,17.049999237060547,13.453170776367188,327400
2018-08-17,17.010000228881836,17.1299991607666,16.969999313354492,17.09000015258789,13.484736442565918,286900
2018-08-20,17.1200008392334,17.149999618530273,16.899999618530273,17.059999465942383,13.461060523986816,287200
2018-08-21,17.059999465942383,17.329999923706055,17.059999465942383,17.270000457763672,13.626762390136719,530600
2018-08-22,17.209999084472656,17.299999237060547,17.149999618530273,17.239999771118164,13.603092193603516,254200
2018-08-23,17.170000076293945,17.200000762939453,16.920000076293945,17.049999237060547,13.453170776367188,423400
2018-08-24,17.059999465942383,17.09000015258789,16.93000030517578,16.969999313354492,13.390050888061523,275300
2018-08-27,17.020000457763672,17.040000915527344,16.729999542236328,16.75,13.216461181640625,319000
2018-08-28,16.790000915527344,16.799999237060547,16.59000015258789,16.670000076293945,13.153335571289062,299900
2018-08-29,16.690000534057617,16.719999313354492,16.510000228881836,16.700000762939453,13.177010536193848,179300
2018-08-30,16.709999084472656,16.729999542236328,16.559999465942383,16.690000534057617,13.169122695922852,279700
2018-08-31,16.6299991607666,16.760000228881836,16.610000610351562,16.75,13.216461181640625,317600
2018-09-04,16.739999771118164,16.8700008392334,16.649999618530273,16.790000915527344,13.248021125793457,237400
2018-09-05,16.790000915527344,16.81999969482422,16.65999984741211,16.670000076293945,13.153335571289062,805500
2018-09-06,16.709999084472656,16.780000686645508,16.639999389648438,16.709999084472656,13.184898376464844,291600
2018-09-07,16.75,16.760000228881836,16.520000457763672,16.6299991607666,13.121773719787598,268300
2018-09-10,16.709999084472656,16.809999465942383,16.65999984741211,16.709999084472656,13.184898376464844,329700
2018-09-11,16.68000030517578,16.850000381469727,16.670000076293945,16.709999084472656,13.184898376464844,375300
2018-09-12,16.639999389648438,16.670000076293945,16.3700008392334,16.43000030517578,12.96396541595459,411000
2018-09-13,16.469999313354492,16.469999313354492,16.079999923706055,16.100000381469727,12.703582763671875,537800
2018-09-14,16.1299991607666,16.350000381469727,16.010000228881836,16.299999237060547,12.86138916015625,955500
2018-09-17,16.31999969482422,16.31999969482422,16.09000015258789,16.280000686645508,12.845612525939941,399300
2018-09-18,16.309999465942383,16.3700008392334,16.149999618530273,16.219999313354492,12.798270225524902,463000
2018-09-19,16.219999313354492,16.40999984741211,16.219999313354492,16.350000381469727,12.900843620300293,565800
2018-09-20,16.43000030517578,16.649999618530273,16.43000030517578,16.540000915527344,13.050764083862305,368200
2018-09-21,16.549999237060547,16.6299991607666,16.3799991607666,16.450000762939453,12.97974681854248,1553800
2018-09-24,16.440000534057617,16.469999313354492,16.149999618530273,16.149999618530273,12.743035316467285,419300
2018-09-25,16.219999313354492,16.3799991607666,16.190000534057617,16.31999969482422,12.877171516418457,488200
2018-09-26,16.360000610351562,16.43000030517578,15.920000076293945,15.949999809265137,12.585224151611328,450200
2018-09-27,15.979999542236328,16.149999618530273,15.890000343322754,16.049999237060547,12.664129257202148,403000
2018-09-28,15.970000267028809,16.170000076293945,15.970000267028809,16.139999389648438,12.735142707824707,404500
2018-10-01,16.270000457763672,16.270000457763672,15.75,15.789999961853027,12.458979606628418,303700
2018-10-02,15.800000190734863,15.880000114440918,15.619999885559082,15.6899995803833,12.380075454711914,260900
2018-10-03,15.779999732971191,16.209999084472656,15.710000038146973,16.1299991607666,12.727253913879395,496400
2018-10-04,16.1299991607666,16.299999237060547,15.989999771118164,16.1200008392334,12.719365119934082,269100
2018-10-05,16.239999771118164,16.239999771118164,15.9399995803833,16.040000915527344,12.656241416931152,432700
2018-10-08,16.040000915527344,16.239999771118164,15.989999771118164,16.190000534057617,12.77459716796875,184900
2018-10-09,16.149999618530273,16.280000686645508,16.079999923706055,16.209999084472656,12.790376663208008,372900
2018-10-10,16.209999084472656,16.459999084472656,16.059999465942383,16.059999465942383,12.672022819519043,374900
2018-10-11,15.970000267028809,16.09000015258789,15.550000190734863,15.5600004196167,12.27750015258789,366200
2018-10-12,15.789999961853027,15.8100004196167,14.75,15.140000343322754,11.946104049682617,727600
2018-10-15,15.109999656677246,15.270000457763672,15.050000190734863,15.170000076293945,11.969775199890137,493500
2018-10-16,15.239999771118164,15.3100004196167,14.949999809265137,15.300000190734863,12.07235050201416,387300
2018-10-17,15.270000457763672,15.399999618530273,14.920000076293945,15.239999771118164,12.025005340576172,522700
2018-10-18,15.170000076293945,15.289999961853027,14.930000305175781,14.970000267028809,11.811965942382812,837200
2018-10-19,14.9399995803833,14.989999771118164,14.729999542236328,14.779999732971191,11.6620454788208,451600
2018-10-22,14.789999961853027,14.890000343322754,14.3100004196167,14.399999618530273,11.362212181091309,464200
2018-10-23,14.119999885559082,14.720000267028809,14.0600004196167,14.649999618530273,11.559471130371094,1182400
2018-10-24,14.140000343322754,14.180000305175781,12.010000228881836,12.029999732971191,9.492178916931152,2055000
2018-10-25,12.09000015258789,13.09000015258789,12.039999961853027,13.0,10.257554054260254,1180500
2018-10-26,12.850000381469727,12.979999542236328,12.569999694824219,12.859999656677246,10.147087097167969,1075800
2018-10-29,12.949999809265137,13.420000076293945,12.84000015258789,13.199999809265137,10.415361404418945,898900
2018-10-30,13.239999771118164,13.739999771118164,13.199999809265137,13.670000076293945,10.786211967468262,1608500
2018-10-31,13.84000015258789,13.880000114440918,13.479999542236328,13.5,10.652071952819824,859400
2018-11-01,13.229999542236328,13.420000076293945,13.020000457763672,13.199999809265137,10.485262870788574,789400
2018-11-02,13.270000457763672,13.489999771118164,13.25,13.449999809265137,10.683845520019531,676400
2018-11-05,13.420000076293945,13.529999732971191,13.149999618530273,13.350000381469727,10.604413032531738,895100
2018-11-06,13.359999656677246,13.670000076293945,13.25,13.550000190734863,10.763279914855957,853100
2018-11-07,13.579999923706055,13.739999771118164,13.350000381469727,13.720000267028809,10.898320198059082,577400
2018-11-08,13.90999984741211,14.0600004196167,13.8100004196167,13.989999771118164,11.11279010772705,661600
2018-11-09,13.960000038146973,14.069999694824219,13.770000457763672,13.880000114440918,11.025410652160645,718000
2018-11-12,13.859999656677246,14.109999656677246,13.75,13.920000076293945,11.057184219360352,572700
2018-11-13,13.960000038146973,14.220000267028809,13.850000381469727,14.010000228881836,11.12867546081543,814300
2018-11-14,14.109999656677246,14.199999809265137,13.550000190734863,13.710000038146973,10.890374183654785,732000
2018-11-15,13.59000015258789,13.989999771118164,13.510000228881836,13.970000267028809,11.096900939941406,691600
2018-11-16,13.75,14.069999694824219,13.75,13.979999542236328,11.104846000671387,1654600
2018-11-19,13.979999542236328,14.260000228881836,13.859999656677246,13.970000267028809,11.096900939941406,523600
2018-11-20,13.84000015258789,14.010000228881836,13.6899995803833,13.699999809265137,10.882431030273438,536900
2018-11-21,13.739999771118164,14.0,13.59000015258789,13.729999542236328,10.906262397766113,344600
2018-11-23,13.630000114440918,13.920000076293945,13.630000114440918,13.729999542236328,10.906262397766113,155700
2018-11-26,13.890000343322754,14.0600004196167,13.789999961853027,13.819999694824219,10.977751731872559,364300
2018-11-27,13.800000190734863,13.869999885559082,13.609999656677246,13.65999984741211,10.850656509399414,356400
2018-11-28,13.680000305175781,14.010000228881836,13.520000457763672,13.970000267028809,11.096900939941406,505700
2018-11-29,13.850000381469727,13.960000038146973,13.699999809265137,13.729999542236328,10.906262397766113,515400
2018-11-30,13.6899995803833,14.0,13.6899995803833,13.9399995803833,11.07306957244873,900000
2018-12-03,14.100000381469727,14.100000381469727,13.699999809265137,13.920000076293945,11.057184219360352,508000
2018-12-04,13.829999923706055,13.880000114440918,12.9399995803833,13.010000228881836,10.33433723449707,647000
2018-12-06,12.8100004196167,12.930000305175781,12.550000190734863,12.920000076293945,10.262845993041992,762500
2018-12-07,12.930000305175781,13.109999656677246,12.770000457763672,12.9399995803833,10.278732299804688,563100
2018-12-10,12.899999618530273,12.920000076293945,12.569999694824219,12.800000190734863,10.16752815246582,877600
2018-12-11,12.949999809265137,13.149999618530273,12.829999923706055,12.90999984741211,10.254900932312012,564700
2018-12-12,13.09000015258789,13.300000190734863,12.949999809265137,12.970000267028809,10.302563667297363,899100
2018-12-13,12.930000305175781,12.949999809265137,12.550000190734863,12.59000015258789,10.000716209411621,439600
2018-12-14,12.460000038146973,12.720000267028809,12.319999694824219,12.350000381469727,9.810074806213379,396100
2018-12-17,12.300000190734863,12.5600004196167,12.199999809265137,12.220000267028809,9.70681095123291,1186100
2018-12-18,12.329999923706055,12.470000267028809,12.09000015258789,12.109999656677246,9.619434356689453,499200
2018-12-19,12.09000015258789,12.34000015258789,11.640000343322754,11.65999984741211,9.261982917785645,768600
2018-12-20,11.600000381469727,11.880000114440918,11.600000381469727,11.680000305175781,9.27786922454834,1017000
2018-12-21,11.760000228881836,11.9399995803833,11.609999656677246,11.630000114440918,9.238149642944336,2585800
2018-12-24,11.529999732971191,11.680000305175781,11.430000305175781,11.430000305175781,9.079283714294434,360300
2018-12-26,11.40999984741211,11.930000305175781,11.329999923706055,11.90999984741211,9.46056842803955,705000
2018-12-27,11.640000343322754,11.819999694824219,11.380000114440918,11.770000457763672,9.349361419677734,681700
2018-12-28,11.800000190734863,12.020000457763672,11.720000267028809,11.920000076293945,9.46850872039795,484600
2018-12-31,12.0,12.079999923706055,11.789999961853027,12.079999923706055,9.595603942871094,480200
2019-01-02,11.899999618530273,12.260000228881836,11.899999618530273,12.1899995803833,9.68298053741455,463300
2019-01-03,12.1899995803833,12.359999656677246,12.039999961853027,12.180000305175781,9.675036430358887,422400
2019-01-04,12.399999618530273,12.770000457763672,12.25,12.75,10.12781047821045,910600
2019-01-07,12.680000305175781,12.850000381469727,12.529999732971191,12.789999961853027,10.15958309173584,437800
2019-01-08,12.869999885559082,12.960000038146973,12.699999809265137,12.84000015258789,10.199298858642578,609000
2019-01-09,12.819999694824219,12.960000038146973,12.739999771118164,12.819999694824219,10.1834135055542,301100
2019-01-10,12.789999961853027,12.890000343322754,12.699999809265137,12.850000381469727,10.207242965698242,297900
2019-01-11,12.739999771118164,12.890000343322754,12.729999542236328,12.869999885559082,10.22313117980957,406000
2019-01-14,12.779999732971191,12.989999771118164,12.720000267028809,12.859999656677246,10.215188026428223,395500
2019-01-15,12.84000015258789,12.960000038146973,12.699999809265137,12.949999809265137,10.286678314208984,292800
2019-01-16,13.0600004196167,13.25,12.930000305175781,13.25,10.524980545043945,393200
2019-01-17,13.210000038146973,13.289999961853027,13.109999656677246,13.25,10.524980545043945,526600
2019-01-18,13.279999732971191,13.390000343322754,13.220000267028809,13.279999732971191,10.548807144165039,482500
2019-01-22,13.229999542236328,13.350000381469727,13.140000343322754,13.229999542236328,10.5090913772583,506600
2019-01-23,13.239999771118164,13.3100004196167,13.109999656677246,13.239999771118164,10.517034530639648,261500
2019-01-24,13.149999618530273,13.279999732971191,13.0,13.15999984741211,10.453489303588867,227600
2019-01-25,13.270000457763672,13.40999984741211,13.130000114440918,13.34000015258789,10.596467971801758,283900
2019-01-28,13.270000457763672,13.420000076293945,13.1899995803833,13.420000076293945,10.660017013549805,374200
2019-01-29,13.449999809265137,13.579999923706055,13.420000076293945,13.510000228881836,10.731507301330566,346400
2019-01-30,14.050000190734863,14.170000076293945,13.510000228881836,13.65999984741211,10.850656509399414,554900
2019-01-31,13.630000114440918,13.670000076293945,13.420000076293945,13.600000381469727,10.802995681762695,636900
2019-02-01,13.59000015258789,13.729999542236328,13.550000190734863,13.670000076293945,10.858603477478027,314400
2019-02-04,13.680000305175781,13.880000114440918,13.609999656677246,13.859999656677246,11.009525299072266,293000
2019-02-05,13.880000114440918,13.90999984741211,13.65999984741211,13.779999732971191,10.945979118347168,311800
2019-02-06,13.65999984741211,13.829999923706055,13.640000343322754,13.760000228881836,10.930089950561523,319600
2019-02-07,13.819999694824219,13.960000038146973,13.609999656677246,13.699999809265137,10.962095260620117,597100
2019-02-08,13.649999618530273,13.710000038146973,13.529999732971191,13.630000114440918,10.906085968017578,232500
2019-02-11,13.65999984741211,13.729999542236328,13.579999923706055,13.699999809265137,10.962095260620117,366500
2019-02-12,13.760000228881836,13.9399995803833,13.75,13.789999961853027,11.034111976623535,215200
2019-02-13,13.8100004196167,13.869999885559082,13.680000305175781,13.739999771118164,10.99410343170166,440500
2019-02-14,13.619999885559082,13.789999961853027,13.579999923706055,13.6899995803833,10.954093933105469,448500
2019-02-15,13.8100004196167,14.119999885559082,13.8100004196167,14.020000457763672,11.218147277832031,357500
2019-02-19,13.949999809265137,14.1899995803833,13.9399995803833,14.100000381469727,11.282157897949219,572300
2019-02-20,14.119999885559082,14.279999732971191,14.039999961853027,14.260000228881836,11.410183906555176,494700
2019-02-21,14.25,14.270000457763672,14.100000381469727,14.220000267028809,11.378177642822266,367600
2019-02-22,14.270000457763672,14.399999618530273,14.220000267028809,14.289999961853027,11.434188842773438,341300
2019-02-25,14.430000305175781,14.430000305175781,14.1899995803833,14.199999809265137,11.362174034118652,376500
2019-02-26,14.15999984741211,14.229999542236328,14.0,14.010000228881836,11.210143089294434,256800
2019-02-27,13.989999771118164,14.15999984741211,13.979999542236328,14.050000190734863,11.242152214050293,278200
2019-02-28,14.050000190734863,14.149999618530273,14.010000228881836,14.0600004196167,11.250153541564941,258300
2019-03-01,14.130000114440918,14.1899995803833,13.920000076293945,14.010000228881836,11.210143089294434,245600
2019-03-04,14.0,14.109999656677246,13.859999656677246,13.960000038146973,11.170135498046875,338900
2019-03-05,14.119999885559082,14.119999885559082,13.859999656677246,13.890000343322754,11.114128112792969,683300
2019-03-06,13.90999984741211,13.920000076293945,13.510000228881836,13.619999885559082,10.89808464050293,592800
2019-03-07,13.5600004196167,13.569999694824219,13.25,13.279999732971191,10.626031875610352,362200
2019-03-08,13.220000267028809,13.460000038146973,13.149999618530273,13.359999656677246,10.690043449401855,292900
2019-03-11,13.4399995803833,13.569999694824219,13.300000190734863,13.489999771118164,10.79406452178955,341900
2019-03-12,13.510000228881836,13.579999923706055,13.270000457763672,13.34000015258789,10.674041748046875,493100
2019-03-13,13.420000076293945,13.510000228881836,13.350000381469727,13.350000381469727,10.682043075561523,346200
2019-03-14,13.300000190734863,13.510000228881836,13.300000190734863,13.430000305175781,10.746055603027344,249700
2019-03-15,13.4399995803833,13.600000381469727,13.430000305175781,13.479999542236328,10.78606128692627,1386900
2019-03-18,13.479999542236328,13.729999542236328,13.479999542236328,13.520000457763672,10.818069458007812,455900
2019-03-19,13.600000381469727,13.600000381469727,13.119999885559082,13.130000114440918,10.506010055541992,265700
2019-03-20,13.119999885559082,13.239999771118164,12.779999732971191,12.779999732971191,10.225955963134766,570100
2019-03-21,12.699999809265137,12.989999771118164,12.640000343322754,12.710000038146973,10.169946670532227,523000
2019-03-22,12.579999923706055,12.649999618530273,12.140000343322754,12.239999771118164,9.793874740600586,811600
2019-03-25,12.260000228881836,12.5,12.199999809265137,12.3100004196167,9.849885940551758,420900
2019-03-26,12.359999656677246,12.640000343322754,12.359999656677246,12.5600004196167,10.049922943115234,390400
2019-03-27,12.520000457763672,12.649999618530273,12.40999984741211,12.5600004196167,10.049922943115234,302700
2019-03-28,12.609999656677246,12.75,12.470000267028809,12.699999809265137,10.161942481994629,225700
2019-03-29,12.800000190734863,12.84000015258789,12.5,12.600000381469727,10.081931114196777,529300
2019-04-01,12.699999809265137,12.930000305175781,12.699999809265137,12.880000114440918,10.3059720993042,389300
2019-04-02,12.819999694824219,13.029999732971191,12.819999694824219,13.010000228881836,10.409992218017578,448200
2019-04-03,13.140000343322754,13.220000267028809,12.989999771118164,13.079999923706055,10.466002464294434,468700
2019-04-04,13.09000015258789,13.329999923706055,13.020000457763672,13.289999961853027,10.634035110473633,299400
2019-04-05,13.300000190734863,13.359999656677246,13.210000038146973,13.319999694824219,10.658037185668945,474800
2019-04-08,13.3100004196167,13.420000076293945,13.270000457763672,13.300000190734863,10.642036437988281,410100
2019-04-09,13.1899995803833,13.390000343322754,13.140000343322754,13.199999809265137,10.562021255493164,312200
2019-04-10,13.229999542236328,13.399999618530273,13.130000114440918,13.359999656677246,10.690043449401855,350800
2019-04-11,13.4399995803833,13.489999771118164,13.300000190734863,13.369999885559082,10.698047637939453,174300
2019-04-12,13.5,13.699999809265137,13.449999809265137,13.630000114440918,10.906085968017578,300100
2019-04-15,13.649999618530273,13.649999618530273,13.34000015258789,13.369999885559082,10.698047637939453,217000
2019-04-16,13.369999885559082,13.6899995803833,13.359999656677246,13.680000305175781,10.946093559265137,275400
2019-04-17,13.699999809265137,13.729999542236328,13.569999694824219,13.649999618530273,10.922088623046875,295400
2019-04-18,13.609999656677246,13.6899995803833,13.420000076293945,13.470000267028809,10.778061866760254,452200
2019-04-22,13.40999984741211,13.489999771118164,13.199999809265137,13.279999732971191,10.626031875610352,285700
2019-04-23,13.15999984741211,13.229999542236328,12.300000190734863,12.949999809265137,10.361980438232422,455800
2019-04-24,12.8100004196167,13.260000228881836,12.8100004196167,13.1899995803833,10.554018020629883,453800
2019-04-25,13.289999961853027,13.4399995803833,13.15999984741211,13.4399995803833,10.754056930541992,422900
2019-04-26,13.460000038146973,13.510000228881836,13.359999656677246,13.470000267028809,10.778061866760254,274400
2019-04-29,13.5600004196167,13.890000343322754,13.5600004196167,13.75,11.002102851867676,362700
2019-04-30,13.770000457763672,13.850000381469727,13.569999694824219,13.609999656677246,10.890083312988281,372600
2019-05-01,13.600000381469727,13.720000267028809,13.380000114440918,13.5600004196167,10.850075721740723,949700
2019-05-02,13.430000305175781,13.630000114440918,13.420000076293945,13.520000457763672,10.898441314697266,346800
2019-05-03,13.529999732971191,13.899999618530273,13.529999732971191,13.869999885559082,11.18057632446289,251100
2019-05-06,13.680000305175781,13.880000114440918,13.59000015258789,13.8100004196167,11.132208824157715,311100
2019-05-07,13.609999656677246,13.6899995803833,13.4399995803833,13.529999732971191,10.906502723693848,208500
2019-05-08,13.539999961853027,13.569999694824219,13.40999984741211,13.489999771118164,10.874258995056152,543900
2019-05-09,13.390000343322754,13.6899995803833,13.34000015258789,13.65999984741211,11.0112943649292,305000
2019-05-10,13.600000381469727,13.710000038146973,13.460000038146973,13.680000305175781,11.027416229248047,302100
2019-05-13,13.460000038146973,13.460000038146973,13.25,13.300000190734863,10.721099853515625,392400
2019-05-14,13.300000190734863,13.5600004196167,13.300000190734863,13.470000267028809,10.858137130737305,255300
2019-05-15,13.300000190734863,13.470000267028809,13.229999542236328,13.40999984741211,10.809769630432129,453200
2019-05-16,13.479999542236328,13.6899995803833,13.479999542236328,13.510000228881836,10.890379905700684,237200
2019-05-17,13.369999885559082,13.699999809265137,13.369999885559082,13.420000076293945,10.817831993103027,353000
2019-05-20,13.40999984741211,13.5600004196167,13.359999656677246,13.40999984741211,10.809769630432129,220100
2019-05-21,13.430000305175781,13.539999961853027,13.399999618530273,13.420000076293945,10.817831993103027,199700
2019-05-22,13.329999923706055,13.4399995803833,13.239999771118164,13.300000190734863,10.721099853515625,234800
2019-05-23,13.170000076293945,13.170000076293945,12.739999771118164,12.84000015258789,10.350295066833496,393900
2019-05-24,12.920000076293945,13.079999923706055,12.899999618530273,13.050000190734863,10.519575119018555,299600
2019-05-28,13.0,13.0600004196167,12.920000076293945,12.9399995803833,10.430903434753418,315000
2019-05-29,12.789999961853027,13.079999923706055,12.770000457763672,13.050000190734863,10.519575119018555,284100
2019-05-30,13.109999656677246,13.220000267028809,12.720000267028809,12.800000190734863,10.3180513381958,215200
2019-05-31,12.609999656677246,12.680000305175781,12.489999771118164,12.569999694824219,10.132649421691895,364900
2019-06-03,12.529999732971191,12.770000457763672,12.520000457763672,12.670000076293945,10.21325969696045,347800
2019-06-04,12.800000190734863,13.069999694824219,12.800000190734863,13.039999961853027,10.511512756347656,241700
2019-06-05,13.010000228881836,13.050000190734863,12.84000015258789,13.010000228881836,10.48733139038086,273300
2019-06-06,12.960000038146973,13.029999732971191,12.680000305175781,12.819999694824219,10.334173202514648,181700
2019-06-07,12.779999732971191,12.869999885559082,12.680000305175781,12.75,10.27774429321289,155700
2019-06-10,12.819999694824219,13.0,12.789999961853027,12.850000381469727,10.358356475830078,176800
2019-06-11,12.930000305175781,13.0,12.8100004196167,12.890000343322754,10.390603065490723,163900
2019-06-12,12.859999656677246,12.90999984741211,12.720000267028809,12.739999771118164,10.269684791564941,216500
2019-06-13,12.8100004196167,12.920000076293945,12.800000190734863,12.890000343322754,10.390603065490723,183000
2019-06-14,12.859999656677246,12.979999542236328,12.739999771118164,12.90999984741211,10.406720161437988,154800
2019-06-17,12.859999656677246,12.970000267028809,12.65999984741211,12.65999984741211,10.205196380615234,252100
2019-06-18,12.6899995803833,13.020000457763672,12.65999984741211,12.819999694824219,10.334173202514648,243200
2019-06-19,12.8100004196167,12.979999542236328,12.710000038146973,12.75,10.27774429321289,293900
2019-06-20,12.84000015258789,12.850000381469727,12.579999923706055,12.739999771118164,10.269684791564941,336100
2019-06-21,12.670000076293945,12.890000343322754,12.649999618530273,12.8100004196167,10.3261137008667,672200
2019-06-24,12.729999542236328,12.90999984741211,12.6899995803833,12.710000038146973,10.245503425598145,306800
2019-06-25,12.6899995803833,12.8100004196167,12.520000457763672,12.720000267028809,10.253562927246094,370100
2019-06-26,12.729999542236328,12.890000343322754,12.699999809265137,12.699999809265137,10.237441062927246,449800
2019-06-27,12.720000267028809,13.140000343322754,12.699999809265137,13.119999885559082,10.576000213623047,345500
2019-06-28,13.260000228881836,13.510000228881836,13.210000038146973,13.470000267028809,10.858137130737305,771300
2019-07-01,13.539999961853027,13.630000114440918,13.479999542236328,13.579999923706055,10.946806907653809,522200
2019-07-02,13.529999732971191,13.630000114440918,13.25,13.399999618530273,10.801712036132812,441500
2019-07-03,13.489999771118164,13.489999771118164,13.319999694824219,13.40999984741211,10.809769630432129,189000
2019-07-05,13.449999809265137,13.579999923706055,13.380000114440918,13.579999923706055,10.946806907653809,372700
2019-07-08,13.510000228881836,13.510000228881836,13.210000038146973,13.289999961853027,10.71303939819336,241600
2019-07-09,13.25,13.34000015258789,13.1899995803833,13.329999923706055,10.745283126831055,285400
2019-07-10,13.329999923706055,13.34000015258789,13.119999885559082,13.15999984741211,10.608247756958008,302600
2019-07-11,13.15999984741211,13.220000267028809,13.050000190734863,13.199999809265137,10.640491485595703,261800
2019-07-12,13.180000305175781,13.399999618530273,13.180000305175781,13.3100004196167,10.729162216186523,266200
2019-07-15,13.359999656677246,13.390000343322754,12.9399995803833,12.989999771118164,10.471208572387695,196000
2019-07-16,13.010000228881836,13.109999656677246,12.920000076293945,13.039999961853027,10.511512756347656,171400
2019-07-17,12.970000267028809,13.109999656677246,12.890000343322754,13.029999732971191,10.50345230102539,355400
2019-07-18,13.010000228881836,13.210000038146973,13.010000228881836,13.100000381469727,10.559882164001465,210800
2019-07-19,13.050000190734863,13.229999542236328,13.050000190734863,13.149999618530273,10.60018539428711,331800
2019-07-22,13.130000114440918,13.140000343322754,12.920000076293945,13.029999732971191,10.50345230102539,159200
2019-07-23,13.029999732971191,13.199999809265137,13.010000228881836,13.199999809265137,10.640491485595703,387400
2019-07-24,13.329999923706055,13.550000190734863,13.010000228881836,13.479999542236328,10.866195678710938,404900
2019-07-25,13.430000305175781,13.520000457763672,13.350000381469727,13.369999885559082,10.77752685546875,372400
2019-07-26,13.449999809265137,13.720000267028809,13.420000076293945,13.65999984741211,11.0112943649292,257100
2019-07-29,13.640000343322754,13.699999809265137,13.520000457763672,13.520000457763672,10.898441314697266,268200
2019-07-30,13.420000076293945,13.800000190734863,13.420000076293945,13.760000228881836,11.09190559387207,294900
2019-07-31,13.869999885559082,14.029999732971191,13.510000228881836,13.770000457763672,11.099967002868652,604700
2019-08-01,13.680000305175781,13.800000190734863,13.15999984741211,13.170000076293945,10.693968772888184,357800
2019-08-02,13.119999885559082,13.130000114440918,12.789999961853027,12.90999984741211,10.482850074768066,332200
2019-08-05,12.640000343322754,12.649999618530273,12.289999961853027,12.5,10.149934768676758,603200
2019-08-06,12.609999656677246,12.680000305175781,12.260000228881836,12.59000015258789,10.223012924194336,457200
2019-08-07,12.350000381469727,12.520000457763672,12.239999771118164,12.479999542236328,10.133692741394043,302300
2019-08-08,12.59000015258789,12.779999732971191,12.579999923706055,12.670000076293945,10.287972450256348,280600
2019-08-09,12.600000381469727,12.65999984741211,12.5,12.630000114440918,10.2554931640625,324400
2019-08-12,12.550000190734863,12.550000190734863,12.449999809265137,12.479999542236328,10.133692741394043,125800
2019-08-13,12.470000267028809,12.760000228881836,12.460000038146973,12.529999732971191,10.174290657043457,150400
2019-08-14,12.239999771118164,12.329999923706055,12.100000381469727,12.15999984741211,9.87385368347168,344800
2019-08-15,12.180000305175781,12.3100004196167,12.130000114440918,12.140000343322754,9.857614517211914,168500
2019-08-16,12.25,12.579999923706055,12.25,12.529999732971191,10.174290657043457,258800
2019-08-19,12.729999542236328,12.739999771118164,12.630000114440918,12.640000343322754,10.263612747192383,171800
2019-08-20,12.579999923706055,12.579999923706055,12.399999618530273,12.430000305175781,10.093092918395996,197800
2019-08-21,12.479999542236328,12.550000190734863,12.430000305175781,12.529999732971191,10.174290657043457,216800
2019-08-22,12.619999885559082,12.619999885559082,12.479999542236328,12.510000228881836,10.158051490783691,173700
2019-08-23,12.4399995803833,12.529999732971191,12.149999618530273,12.210000038146973,9.914451599121094,451000
2019-08-26,12.329999923706055,12.329999923706055,12.140000343322754,12.25,9.94693374633789,278200
2019-08-27,12.350000381469727,12.359999656677246,12.029999732971191,12.079999923706055,9.808893203735352,261200
2019-08-28,12.050000190734863,12.369999885559082,12.039999961853027,12.1899995803833,9.898214340209961,190300
2019-08-29,12.289999961853027,12.479999542236328,12.289999961853027,12.350000381469727,10.0281343460083,192300
2019-08-30,12.479999542236328,12.479999542236328,12.289999961853027,12.369999885559082,10.044373512268066,186100
2019-09-03,12.25,12.270000457763672,12.020000457763672,12.109999656677246,9.83325481414795,295200
2019-09-04,12.239999771118164,12.239999771118164,12.029999732971191,12.100000381469727,9.825135231018066,161900
2019-09-05,12.289999961853027,12.609999656677246,12.289999961853027,12.420000076293945,10.084972381591797,410300
2019-09-06,12.4399995803833,12.4399995803833,12.279999732971191,12.279999732971191,9.971292495727539,218700
2019-09-09,12.40999984741211,12.829999923706055,12.369999885559082,12.729999542236328,10.336689949035645,351200
2019-09-10,12.760000228881836,13.0,12.6899995803833,12.9399995803833,10.507208824157715,355300
2019-09-11,13.029999732971191,13.300000190734863,12.789999961853027,13.210000038146973,10.726446151733398,392000
2019-09-12,13.15999984741211,13.380000114440918,13.050000190734863,13.300000190734863,10.799528121948242,382500
2019-09-13,13.4399995803833,13.579999923706055,13.329999923706055,13.479999542236328,10.945684432983398,343600
2019-09-16,13.350000381469727,13.65999984741211,13.350000381469727,13.5,10.961926460266113,360100
2019-09-17,13.4399995803833,13.449999809265137,13.270000457763672,13.40999984741211,10.888847351074219,237700
2019-09-18,13.40999984741211,13.520000457763672,13.350000381469727,13.460000038146973,10.929448127746582,394500
2019-09-19,13.390000343322754,13.640000343322754,13.34000015258789,13.350000381469727,10.840128898620605,305200
2019-09-20,13.359999656677246,13.470000267028809,13.220000267028809,13.369999885559082,10.856367111206055,1017200
2019-09-23,13.279999732971191,13.510000228881836,13.210000038146973,13.4399995803833,10.913206100463867,303300
2019-09-24,13.479999542236328,13.529999732971191,13.180000305175781,13.279999732971191,10.78328800201416,429700
2019-09-25,13.25,13.5600004196167,13.25,13.529999732971191,10.986287117004395,343500
2019-09-26,13.550000190734863,13.550000190734863,13.350000381469727,13.380000114440918,10.864487648010254,197900
2019-09-27,13.539999961853027,13.630000114440918,13.329999923706055,13.420000076293945,10.896968841552734,296200
2019-09-30,13.510000228881836,13.510000228881836,13.260000228881836,13.279999732971191,10.78328800201416,344600
2019-10-01,13.40999984741211,13.489999771118164,12.930000305175781,13.020000457763672,10.572169303894043,386500
2019-10-02,12.880000114440918,13.010000228881836,12.800000190734863,12.899999618530273,10.474729537963867,299800
2019-10-03,12.850000381469727,12.869999885559082,12.65999984741211,12.84000015258789,10.426009178161621,232000
2019-10-04,12.869999885559082,12.970000267028809,12.729999542236328,12.960000038146973,10.523451805114746,179100
2019-10-07,12.880000114440918,13.100000381469727,12.880000114440918,13.0,10.555930137634277,273200
2019-10-08,12.84000015258789,12.850000381469727,12.6899995803833,12.739999771118164,10.344810485839844,330500
2019-10-09,12.850000381469727,12.899999618530273,12.630000114440918,12.670000076293945,10.287972450256348,356800
2019-10-10,12.710000038146973,12.869999885559082,12.6899995803833,12.739999771118164,10.344810485839844,384700
2019-10-11,13.079999923706055,13.359999656677246,13.029999732971191,13.130000114440918,10.661487579345703,461200
2019-10-14,13.0600004196167,13.1899995803833,12.960000038146973,13.15999984741211,10.685850143432617,218900
2019-10-15,13.199999809265137,13.34000015258789,13.130000114440918,13.239999771118164,10.750807762145996,224600
2019-10-16,13.229999542236328,13.380000114440918,13.15999984741211,13.239999771118164,10.750807762145996,219600
2019-10-17,13.300000190734863,13.350000381469727,13.229999542236328,13.350000381469727,10.840128898620605,303100
2019-10-18,13.289999961853027,13.460000038146973,13.270000457763672,13.399999618530273,10.88072681427002,321300
2019-10-21,13.59000015258789,13.760000228881836,13.550000190734863,13.5600004196167,11.010648727416992,323600
2019-10-22,13.550000190734863,13.699999809265137,13.40999984741211,13.5600004196167,11.010648727416992,202700
2019-10-23,13.569999694824219,13.619999885559082,13.5,13.619999885559082,11.059365272521973,203200
2019-10-24,13.600000381469727,13.609999656677246,13.420000076293945,13.539999961853027,10.994406700134277,179400
2019-10-25,13.529999732971191,13.869999885559082,13.529999732971191,13.829999923706055,11.229886054992676,478100
2019-10-28,13.920000076293945,14.010000228881836,13.84000015258789,13.949999809265137,11.327322959899902,347800
2019-10-29,13.859999656677246,14.220000267028809,13.819999694824219,14.199999809265137,11.530323028564453,488400
2019-10-30,14.489999771118164,14.649999618530273,14.130000114440918,14.550000190734863,11.814521789550781,557600
2019-10-31,14.40999984741211,14.430000305175781,13.899999618530273,14.09000015258789,11.44100570678711,573000
2019-11-01,14.220000267028809,14.369999885559082,14.15999984741211,14.350000381469727,11.652121543884277,478700
2019-11-04,14.529999732971191,14.539999961853027,14.420000076293945,14.5,11.773921966552734,350200
2019-11-05,14.579999923706055,14.779999732971191,14.510000228881836,14.609999656677246,11.863240242004395,259100
2019-11-06,14.609999656677246,14.649999618530273,14.5,14.550000190734863,11.814521789550781,292500
2019-11-07,14.630000114440918,14.6899995803833,14.460000038146973,14.5600004196167,11.904460906982422,326900
2019-11-08,14.579999923706055,14.600000381469727,14.430000305175781,14.510000228881836,11.863577842712402,339300
2019-11-11,14.40999984741211,14.579999923706055,14.390000343322754,14.449999809265137,11.814521789550781,213200
2019-11-12,14.479999542236328,14.5600004196167,14.420000076293945,14.449999809265137,11.814521789550781,290400
2019-11-13,14.319999694824219,14.420000076293945,14.279999732971191,14.34000015258789,11.724584579467773,301900
2019-11-14,14.289999961853027,14.390000343322754,14.279999732971191,14.34000015258789,11.724584579467773,333700
2019-11-15,14.4399995803833,14.460000038146973,14.119999885559082,14.210000038146973,11.618293762207031,2081100
2019-11-18,14.180000305175781,14.25,14.050000190734863,14.239999771118164,11.642821311950684,349600
2019-11-19,14.329999923706055,14.380000114440918,14.199999809265137,14.289999961853027,11.683703422546387,282300
2019-11-20,14.1899995803833,14.3100004196167,14.109999656677246,14.1899995803833,11.601943016052246,413200
2019-11-21,14.270000457763672,14.270000457763672,14.029999732971191,14.109999656677246,11.536530494689941,318200
2019-11-22,14.170000076293945,14.260000228881836,14.119999885559082,14.15999984741211,11.577414512634277,294500
2019-11-25,14.170000076293945,14.420000076293945,14.130000114440918,14.319999694824219,11.708230018615723,437900
2019-11-26,14.260000228881836,14.359999656677246,14.210000038146973,14.220000267028809,11.626468658447266,282700
2019-11-27,14.3100004196167,14.34000015258789,14.239999771118164,14.270000457763672,11.667351722717285,193000
2019-11-29,14.1899995803833,14.319999694824219,14.140000343322754,14.210000038146973,11.618293762207031,135800
2019-12-02,14.3100004196167,14.34000015258789,14.09000015258789,14.100000381469727,11.528356552124023,349000
2019-12-03,13.899999618530273,14.020000457763672,13.8100004196167,14.010000228881836,11.454771995544434,293200
2019-12-04,14.09000015258789,14.210000038146973,14.0600004196167,14.079999923706055,11.512004852294922,325800
2019-12-05,14.130000114440918,14.199999809265137,14.100000381469727,14.170000076293945,11.585589408874512,327700
2019-12-06,14.369999885559082,14.479999542236328,14.279999732971191,14.359999656677246,11.740936279296875,383400
2019-12-09,14.279999732971191,14.350000381469727,14.260000228881836,14.300000190734863,11.691879272460938,449800
2019-12-10,14.289999961853027,14.399999618530273,14.25,14.359999656677246,11.740936279296875,232800
2019-12-11,14.369999885559082,14.430000305175781,14.229999542236328,14.289999961853027,11.683703422546387,223200
2019-12-12,14.329999923706055,14.680000305175781,14.329999923706055,14.600000381469727,11.937163352966309,374600
2019-12-13,14.569999694824219,14.670000076293945,14.479999542236328,14.609999656677246,11.945338249206543,326100
2019-12-16,14.800000190734863,14.899999618530273,14.720000267028809,14.720000267028809,12.0352783203125,432000
2019-12-17,14.75,14.899999618530273,14.729999542236328,14.859999656677246,12.149742126464844,305000
2019-12-18,14.869999885559082,14.890000343322754,14.710000038146973,14.710000038146973,12.027098655700684,743600
2019-12-19,14.729999542236328,14.850000381469727,14.729999542236328,14.84000015258789,12.133390426635742,571800
2019-12-20,14.90999984741211,14.930000305175781,14.779999732971191,14.8100004196167,12.10886287689209,1986300
2019-12-23,14.8100004196167,14.850000381469727,14.65999984741211,14.710000038146973,12.027098655700684,345500
2019-12-24,14.720000267028809,14.720000267028809,14.65999984741211,14.6899995803833,12.010748863220215,118600
2019-12-26,14.65999984741211,14.699999809265137,14.59000015258789,14.649999618530273,11.978041648864746,173600
2019-12-27,14.65999984741211,14.65999984741211,14.470000267028809,14.479999542236328,11.839048385620117,450600
2019-12-30,14.5600004196167,14.680000305175781,14.5,14.579999923706055,11.920809745788574,324600
2019-12-31,14.59000015258789,14.649999618530273,14.479999542236328,14.510000228881836,11.863577842712402,434400
2020-01-02,14.59000015258789,14.630000114440918,14.470000267028809,14.619999885559082,11.953513145446777,477700
2020-01-03,14.420000076293945,14.609999656677246,14.399999618530273,14.550000190734863,11.896282196044922,403000
2020-01-06,14.380000114440918,14.430000305175781,14.279999732971191,14.34000015258789,11.724584579467773,425600
2020-01-07,14.279999732971191,14.319999694824219,14.109999656677246,14.199999809265137,11.610118865966797,366800
2020-01-08,14.1899995803833,14.359999656677246,14.1899995803833,14.270000457763672,11.667351722717285,367500
2020-01-09,14.329999923706055,14.40999984741211,14.199999809265137,14.220000267028809,11.626468658447266,337100
2020-01-10,14.149999618530273,14.1899995803833,14.010000228881836,14.069999694824219,11.503826141357422,249800
2020-01-13,14.050000190734863,14.15999984741211,13.989999771118164,14.149999618530273,11.56923770904541,230600
2020-01-14,14.119999885559082,14.239999771118164,14.050000190734863,14.180000305175781,11.593766212463379,367000
2020-01-15,14.0600004196167,14.1899995803833,14.029999732971191,14.180000305175781,11.593766212463379,432700
2020-01-16,14.279999732971191,14.390000343322754,14.260000228881836,14.319999694824219,11.708230018615723,313700
2020-01-17,14.449999809265137,14.449999809265137,14.289999961853027,14.319999694824219,11.708230018615723,265000
2020-01-21,14.199999809265137,14.270000457763672,14.069999694824219,14.079999923706055,11.512004852294922,342700
2020-01-22,14.119999885559082,14.15999984741211,14.020000457763672,14.100000381469727,11.528356552124023,302900
2020-01-23,14.069999694824219,14.25,13.989999771118164,14.229999542236328,11.6346435546875,525400
2020-01-24,14.199999809265137,14.199999809265137,13.960000038146973,14.050000190734863,11.487475395202637,395500
2020-01-27,13.760000228881836,13.9399995803833,13.760000228881836,13.819999694824219,11.299424171447754,250200
2020-01-28,13.930000305175781,13.949999809265137,13.800000190734863,13.899999618530273,11.36483097076416,277100
2020-01-29,13.569999694824219,13.880000114440918,13.300000190734863,13.479999542236328,11.021434783935547,655700
2020-01-30,13.34000015258789,13.720000267028809,13.34000015258789,13.699999809265137,11.201310157775879,387200
2020-01-31,13.550000190734863,13.670000076293945,13.520000457763672,13.520000457763672,11.054140090942383,456500
2020-02-03,13.619999885559082,13.779999732971191,13.600000381469727,13.760000228881836,11.25036907196045,450000
2020-02-04,13.9399995803833,14.069999694824219,13.880000114440918,13.960000038146973,11.413888931274414,382800
2020-02-05,14.130000114440918,14.329999923706055,14.079999923706055,14.289999961853027,11.683703422546387,279700
2020-02-06,14.270000457763672,14.279999732971191,14.010000228881836,14.010000228881836,11.543631553649902,237500
2020-02-07,13.930000305175781,13.979999542236328,13.850000381469727,13.890000343322754,11.444757461547852,241600
2020-02-10,13.800000190734863,13.859999656677246,13.729999542236328,13.8100004196167,11.378836631774902,250100
2020-02-11,13.90999984741211,14.029999732971191,13.890000343322754,13.890000343322754,11.444757461547852,217000
2020-02-12,14.010000228881836,14.010000228881836,13.890000343322754,13.949999809265137,11.494193077087402,208100
2020-02-13,13.90999984741211,14.069999694824219,13.90999984741211,14.069999694824219,11.593067169189453,161000
2020-02-14,14.079999923706055,14.079999923706055,13.850000381469727,13.880000114440918,11.436515808105469,227600
2020-02-18,13.859999656677246,13.880000114440918,13.579999923706055,13.619999885559082,11.222288131713867,297800
2020-02-19,13.670000076293945,13.720000267028809,13.619999885559082,13.640000343322754,11.23876667022705,254500
2020-02-20,13.550000190734863,13.779999732971191,13.550000190734863,13.720000267028809,11.304682731628418,285300
2020-02-21,13.699999809265137,13.75,13.600000381469727,13.649999618530273,11.247005462646484,354000
2020-02-24,13.279999732971191,13.319999694824219,13.170000076293945,13.270000457763672,10.9339017868042,255900
2020-02-25,13.260000228881836,13.260000228881836,12.770000457763672,12.800000190734863,10.546642303466797,390400
2020-02-26,12.90999984741211,13.029999732971191,12.710000038146973,12.720000267028809,10.48072624206543,397500
2020-02-27,12.460000038146973,12.829999923706055,12.220000267028809,12.239999771118164,10.085227012634277,860700
2020-02-28,11.869999885559082,12.109999656677246,11.550000190734863,11.800000190734863,9.722684860229492,1121300
2020-03-02,11.800000190734863,12.399999618530273,11.729999542236328,12.390000343322754,10.208823204040527,545100
2020-03-03,12.34000015258789,12.569999694824219,11.84000015258789,11.970000267028809,9.86275863647461,748800
2020-03-04,12.079999923706055,12.170000076293945,11.770000457763672,12.15999984741211,10.01931095123291,472600
2020-03-05,11.6899995803833,11.869999885559082,11.350000381469727,11.569999694824219,9.53317642211914,582500
2020-03-06,11.010000228881836,11.369999885559082,10.949999809265137,11.239999771118164,9.261270523071289,727100
2020-03-09,10.380000114440918,10.430000305175781,9.65999984741211,9.670000076293945,7.967658996582031,522800
2020-03-10,9.989999771118164,10.100000381469727,9.489999771118164,9.920000076293945,8.173648834228516,592600
2020-03-11,9.729999542236328,9.859999656677246,9.430000305175781,9.600000381469727,7.909979820251465,974500
2020-03-12,9.0,9.84000015258789,8.640000343322754,9.210000038146973,7.588640213012695,882900
2020-03-13,9.829999923706055,10.029999732971191,9.239999771118164,9.970000267028809,8.21484375,686300
2020-03-16,8.75,9.199999809265137,8.65999984741211,8.760000228881836,7.217859745025635,540600
2020-03-17,8.920000076293945,9.630000114440918,8.380000114440918,9.539999961853027,7.860544681549072,695800
2020-03-18,9.020000457763672,9.4399995803833,8.460000038146973,8.649999618530273,7.127223014831543,669400
2020-03-19,8.460000038146973,9.34000015258789,8.210000038146973,9.069999694824219,7.473284721374512,742400
2020-03-20,9.010000228881836,9.359999656677246,8.489999771118164,8.789999961853027,7.242576599121094,1056700
2020-03-23,8.8100004196167,8.960000038146973,7.860000133514404,8.199999809265137,6.756443023681641,559700
2020-03-24,8.680000305175781,8.920000076293945,8.430000305175781,8.920000076293945,7.349691867828369,470500
2020-03-25,8.329999923706055,8.770000457763672,8.0,8.479999542236328,6.9871506690979,675800
2020-03-26,8.529999732971191,9.09000015258789,8.399999618530273,9.010000228881836,7.423848628997803,529400
2020-03-27,8.609999656677246,9.079999923706055,8.40999984741211,8.850000381469727,7.29201602935791,666200
2020-03-30,8.819999694824219,9.079999923706055,8.529999732971191,9.039999961853027,7.44856595993042,605900
2020-03-31,8.9399995803833,9.149999618530273,8.84000015258789,9.140000343322754,7.530962944030762,665000
2020-04-01,8.680000305175781,8.960000038146973,8.630000114440918,8.829999923706055,7.27553653717041,768300
2020-04-02,8.699999809265137,9.15999984741211,8.520000457763672,8.729999542236328,7.193138599395752,667900
2020-04-03,8.649999618530273,8.8100004196167,8.020000457763672,8.220000267028809,6.772922039031982,763500
2020-04-06,8.640000343322754,8.979999542236328,8.529999732971191,8.930000305175781,7.357931137084961,643600
2020-04-07,9.3100004196167,9.489999771118164,8.899999618530273,9.039999961853027,7.44856595993042,802900
2020-04-08,9.199999809265137,9.470000267028809,8.979999542236328,9.210000038146973,7.588640213012695,564200
2020-04-09,9.399999618530273,10.039999961853027,9.3100004196167,9.979999542236328,8.2230863571167,570800
2020-04-13,9.850000381469727,9.850000381469727,9.180000305175781,9.3100004196167,7.671034812927246,375200
2020-04-14,9.529999732971191,9.760000228881836,8.90999984741211,9.140000343322754,7.530962944030762,421500
2020-04-15,8.699999809265137,8.770000457763672,8.359999656677246,8.4399995803833,6.954192638397217,649300
2020-04-16,8.460000038146973,8.569999694824219,8.0,8.3100004196167,6.847078800201416,852000
2020-04-17,8.489999771118164,8.979999542236328,8.489999771118164,8.890000343322754,7.324973106384277,561900
2020-04-20,8.609999656677246,9.069999694824219,8.609999656677246,8.819999694824219,7.26729679107666,418500
2020-04-21,8.489999771118164,8.760000228881836,8.3100004196167,8.630000114440918,7.110744476318359,485300
2020-04-22,8.850000381469727,8.920000076293945,8.529999732971191,8.609999656677246,7.094264984130859,501500
2020-04-23,8.579999923706055,8.850000381469727,8.529999732971191,8.729999542236328,7.193138599395752,359800
2020-04-24,8.75,8.890000343322754,8.579999923706055,8.779999732971191,7.234337329864502,283400
2020-04-27,8.899999618530273,9.569999694824219,8.880000114440918,9.380000114440918,7.728714466094971,405500
2020-04-28,9.59000015258789,9.65999984741211,9.119999885559082,9.25,7.6215996742248535,616400
2020-04-29,9.550000190734863,10.079999923706055,9.279999732971191,9.819999694824219,8.091251373291016,659800
2020-04-30,9.520000457763672,9.6899995803833,9.25,9.520000457763672,7.844067096710205,550800
2020-05-01,8.859999656677246,9.0,8.609999656677246,8.800000190734863,7.25081729888916,658500
2020-05-04,8.5600004196167,8.789999961853027,8.510000228881836,8.649999618530273,7.127223014831543,406800
2020-05-05,8.84000015258789,8.90999984741211,8.369999885559082,8.380000114440918,6.904754638671875,375200
2020-05-06,8.40999984741211,8.479999542236328,7.960000038146973,8.029999732971191,6.616370677947998,566600
2020-05-07,8.130000114440918,8.300000190734863,7.920000076293945,7.940000057220459,6.633080005645752,431400
2020-05-08,8.170000076293945,8.4399995803833,8.119999885559082,8.390000343322754,7.009008407592773,475700
2020-05-11,8.220000267028809,8.220000267028809,7.809999942779541,7.809999942779541,6.524477481842041,647600
2020-05-12,7.829999923706055,7.960000038146973,7.349999904632568,7.369999885559082,6.156899929046631,544000
2020-05-13,6.960000038146973,7.21999979019165,6.849999904632568,7.139999866485596,5.964758396148682,760900
2020-05-14,6.960000038146973,7.230000019073486,6.769999980926514,7.199999809265137,6.014882564544678,739400
2020-05-15,7.159999847412109,7.21999979019165,7.03000020980835,7.070000171661377,5.906280517578125,711600
2020-05-18,7.400000095367432,7.989999771118164,7.400000095367432,7.900000095367432,6.599662780761719,582400
2020-05-19,7.78000020980835,7.900000095367432,7.420000076293945,7.429999828338623,6.207024097442627,383300
2020-05-20,7.699999809265137,8.029999732971191,7.579999923706055,7.96999979019165,6.658140659332275,531400
2020-05-21,7.960000038146973,8.069999694824219,7.880000114440918,7.909999847412109,6.608017921447754,318400
2020-05-22,7.960000038146973,8.010000228881836,7.75,7.820000171661377,6.53283166885376,297900
2020-05-26,8.220000267028809,8.359999656677246,8.109999656677246,8.300000190734863,6.9338226318359375,538100
2020-05-27,8.680000305175781,9.029999732971191,8.529999732971191,8.949999809265137,7.476832866668701,642800
2020-05-28,9.100000381469727,9.100000381469727,8.40999984741211,8.460000038146973,7.067486763000488,492300
2020-05-29,8.289999961853027,8.3100004196167,8.010000228881836,8.180000305175781,6.8335747718811035,406400
2020-06-01,8.229999542236328,8.270000457763672,8.020000457763672,8.029999732971191,6.7082648277282715,635700
2020-06-02,8.15999984741211,8.319999694824219,8.039999961853027,8.140000343322754,6.800158977508545,371000
2020-06-03,8.420000076293945,8.779999732971191,8.34000015258789,8.579999923706055,7.167734622955322,505900
2020-06-04,8.470000267028809,8.869999885559082,8.399999618530273,8.770000457763672,7.326461315155029,537900
2020-06-05,9.520000457763672,9.6899995803833,9.279999732971191,9.399999618530273,7.852762699127197,699200
2020-06-08,9.640000343322754,9.739999771118164,9.460000038146973,9.539999961853027,7.969718933105469,528400
2020-06-09,9.210000038146973,9.569999694824219,8.84000015258789,9.34000015258789,7.802638530731201,537600
2020-06-10,9.369999885559082,9.369999885559082,8.899999618530273,9.0,7.518603324890137,1516400
2020-06-11,8.449999809265137,8.489999771118164,7.900000095367432,7.920000076293945,6.61637020111084,610300
2020-06-12,8.270000457763672,8.270000457763672,7.809999942779541,8.109999656677246,6.7750959396362305,650100
2020-06-15,7.710000038146973,8.279999732971191,7.679999828338623,8.1899995803833,6.841928482055664,724600
2020-06-16,8.579999923706055,8.739999771118164,8.270000457763672,8.520000457763672,7.117610931396484,761000
2020-06-17,8.529999732971191,8.550000190734863,8.079999923706055,8.100000381469727,6.766743183135986,522200
2020-06-18,7.980000019073486,8.289999961853027,7.980000019073486,8.119999885559082,6.783450603485107,416200
2020-06-19,8.229999542236328,8.329999923706055,7.860000133514404,8.09000015258789,6.758389472961426,2041400
2020-06-22,7.960000038146973,8.199999809265137,7.909999847412109,8.109999656677246,6.7750959396362305,504600
2020-06-23,8.279999732971191,8.34000015258789,7.949999809265137,7.949999809265137,6.641432285308838,432300
2020-06-24,7.809999942779541,7.849999904632568,7.480000019073486,7.570000171661377,6.323982238769531,470000
2020-06-25,7.5,7.889999866485596,7.480000019073486,7.889999866485596,6.591308116912842,501900
2020-06-26,7.71999979019165,7.78000020980835,7.400000095367432,7.550000190734863,6.307272911071777,903700
2020-06-29,7.730000019073486,8.079999923706055,7.690000057220459,8.010000228881836,6.691556453704834,598600
2020-06-30,7.940000057220459,8.319999694824219,7.940000057220459,8.279999732971191,6.9171142578125,664600
2020-07-01,8.279999732971191,8.380000114440918,7.659999847412109,7.679999828338623,6.415874481201172,581100
2020-07-02,7.960000038146973,8.130000114440918,7.579999923706055,7.619999885559082,6.365750312805176,490600
2020-07-06,7.889999866485596,8.050000190734863,7.699999809265137,7.75,6.474351406097412,539400
2020-07-07,7.599999904632568,7.619999885559082,7.429999828338623,7.519999980926514,6.282210350036621,587700
2020-07-08,7.429999828338623,7.579999923706055,7.269999980926514,7.460000038146973,6.232085704803467,627900
2020-07-09,7.409999847412109,7.440000057220459,7.199999809265137,7.230000019073486,6.039944171905518,664300
2020-07-10,7.260000228881836,7.650000095367432,7.210000038146973,7.590000152587891,6.3406877517700195,651700
2020-07-13,7.71999979019165,7.989999771118164,7.610000133514404,7.840000152587891,6.549538612365723,695700
2020-07-14,7.820000171661377,7.900000095367432,7.539999961853027,7.659999847412109,6.399166584014893,877100
2020-07-15,7.940000057220459,8.140000343322754,7.900000095367432,8.079999923706055,6.750035285949707,492600
2020-07-16,7.96999979019165,8.149999618530273,7.900000095367432,8.100000381469727,6.766743183135986,517600
2020-07-17,8.09000015258789,8.130000114440918,7.760000228881836,7.820000171661377,6.53283166885376,698000
2020-07-20,7.769999980926514,7.789999961853027,7.510000228881836,7.579999923706055,6.332334995269775,484400
2020-07-21,7.670000076293945,8.140000343322754,7.670000076293945,8.130000114440918,6.791804790496826,939500
2020-07-22,8.010000228881836,8.029999732971191,7.710000038146973,7.860000133514404,6.566247463226318,611800
2020-07-23,7.789999961853027,8.149999618530273,7.75,8.0600004196167,6.7333269119262695,652900
2020-07-24,8.09000015258789,8.1899995803833,7.929999828338623,7.960000038146973,6.649785995483398,425700
2020-07-27,7.869999885559082,7.929999828338623,7.71999979019165,7.769999980926514,6.49105978012085,378400
2020-07-28,7.690000057220459,7.849999904632568,7.599999904632568,7.630000114440918,6.374105930328369,666400
2020-07-29,7.960000038146973,8.359999656677246,7.670000076293945,8.260000228881836,6.900406360626221,823800
2020-07-30,8.069999694824219,8.100000381469727,7.739999771118164,7.900000095367432,6.599662780761719,915400
2020-07-31,7.840000152587891,7.889999866485596,7.619999885559082,7.869999885559082,6.574599742889404,912100
2020-08-03,7.889999866485596,7.989999771118164,7.78000020980835,7.900000095367432,6.599662780761719,757800
2020-08-04,7.909999847412109,7.96999979019165,7.809999942779541,7.889999866485596,6.591308116912842,566000
2020-08-05,7.980000019073486,8.119999885559082,7.840000152587891,8.069999694824219,6.74168062210083,835000
2020-08-06,7.929999828338623,8.069999694824219,7.920000076293945,7.980000019073486,6.758620262145996,466400
2020-08-07,7.949999809265137,8.489999771118164,7.860000133514404,8.479999542236328,7.18209171295166,660100
2020-08-10,8.550000190734863,8.90999984741211,8.529999732971191,8.6899995803833,7.359950065612793,596000
2020-08-11,8.970000267028809,9.130000114440918,8.720000267028809,8.75,7.410768032073975,756200
2020-08-12,8.989999771118164,8.989999771118164,8.510000228881836,8.680000305175781,7.351480960845947,608700
2020-08-13,8.569999694824219,8.65999984741211,8.399999618530273,8.449999809265137,7.156683444976807,554700
2020-08-14,8.359999656677246,8.630000114440918,8.3100004196167,8.600000381469727,7.283725261688232,503800
2020-08-17,8.539999961853027,8.609999656677246,8.359999656677246,8.520000457763672,7.215970039367676,508300
2020-08-18,8.510000228881836,8.510000228881836,8.180000305175781,8.229999542236328,6.9703545570373535,468000
2020-08-19,8.25,8.430000305175781,8.210000038146973,8.319999694824219,7.046581268310547,472400
2020-08-20,8.149999618530273,8.220000267028809,8.130000114440918,8.15999984741211,6.911069869995117,396000
2020-08-21,8.100000381469727,8.270000457763672,8.09000015258789,8.119999885559082,6.877191543579102,2578500
2020-08-24,8.25,8.489999771118164,8.079999923706055,8.479999542236328,7.18209171295166,546100
2020-08-25,8.59000015258789,8.649999618530273,8.369999885559082,8.430000305175781,7.139744281768799,488000
2020-08-26,8.40999984741211,8.420000076293945,8.180000305175781,8.239999771118164,6.978825092315674,386500
2020-08-27,8.300000190734863,8.529999732971191,8.300000190734863,8.399999618530273,7.114337921142578,357600
2020-08-28,8.489999771118164,8.489999771118164,8.239999771118164,8.300000190734863,7.029642105102539,550500
2020-08-31,8.229999542236328,8.350000381469727,8.199999809265137,8.199999809265137,6.944947242736816,567900
2020-09-01,8.119999885559082,8.289999961853027,8.100000381469727,8.170000076293945,6.919539451599121,454100
2020-09-02,8.119999885559082,8.369999885559082,8.119999885559082,8.319999694824219,7.046581268310547,521100
2020-09-03,8.369999885559082,8.640000343322754,8.1899995803833,8.25,6.9872941970825195,733900
2020-09-04,8.479999542236328,8.539999961853027,8.25,8.380000114440918,7.0973968505859375,751000
2020-09-08,8.300000190734863,8.300000190734863,8.0,8.0,6.775558948516846,664400
2020-09-09,8.079999923706055,8.100000381469727,7.769999980926514,7.820000171661377,6.623109340667725,749900
2020-09-10,7.809999942779541,7.889999866485596,7.710000038146973,7.760000228881836,6.572292327880859,575700
2020-09-11,7.75,7.809999942779541,7.650000095367432,7.75,6.563821792602539,532300
2020-09-14,7.789999961853027,7.96999979019165,7.730000019073486,7.869999885559082,6.665455341339111,726600
2020-09-15,7.880000114440918,7.929999828338623,7.710000038146973,7.71999979019165,6.5384135246276855,462100
2020-09-16,7.710000038146973,7.889999866485596,7.619999885559082,7.75,6.563821792602539,589200
2020-09-17,7.730000019073486,7.769999980926514,7.650000095367432,7.679999828338623,6.5045366287231445,559800
2020-09-18,7.710000038146973,7.710000038146973,7.559999942779541,7.659999847412109,6.487597465515137,1655700
2020-09-21,7.460000038146973,7.610000133514404,7.239999771118164,7.300000190734863,6.18269681930542,847300
2020-09-22,7.320000171661377,7.489999771118164,7.260000228881836,7.28000020980835,6.165759086608887,904900
2020-09-23,7.309999942779541,7.550000190734863,7.139999866485596,7.159999847412109,6.064124584197998,1032000
2020-09-24,7.210000038146973,7.630000114440918,7.150000095367432,7.409999847412109,6.2758612632751465,962000
2020-09-25,7.340000152587891,7.539999961853027,7.340000152587891,7.449999809265137,6.309738636016846,836200
2020-09-28,7.550000190734863,7.820000171661377,7.539999961853027,7.739999771118164,6.555352210998535,655700
2020-09-29,7.710000038146973,7.769999980926514,7.539999961853027,7.619999885559082,6.453719615936279,774000
2020-09-30,7.650000095367432,7.869999885559082,7.570000171661377,7.739999771118164,6.555352210998535,880700
2020-10-01,7.670000076293945,7.840000152587891,7.670000076293945,7.820000171661377,6.623109340667725,696700
2020-10-02,7.679999828338623,8.09000015258789,7.679999828338623,8.050000190734863,6.817904949188232,754700
2020-10-05,8.15999984741211,8.390000343322754,8.15999984741211,8.359999656677246,7.080458641052246,679600
2020-10-06,8.520000457763672,8.720000267028809,8.399999618530273,8.40999984741211,7.122806549072266,774200
2020-10-07,8.510000228881836,8.699999809265137,8.40999984741211,8.5600004196167,7.249848365783691,802400
2020-10-08,8.65999984741211,8.8100004196167,8.569999694824219,8.770000457763672,7.427707195281982,507000
2020-10-09,8.829999923706055,8.84000015258789,8.640000343322754,8.640000343322754,7.3176045417785645,495200
2020-10-12,8.609999656677246,8.8100004196167,8.600000381469727,8.8100004196167,7.461583614349365,379400
2020-10-13,8.710000038146973,8.710000038146973,8.449999809265137,8.470000267028809,7.173622131347656,368900
2020-10-14,8.489999771118164,8.5600004196167,8.300000190734863,8.319999694824219,7.046581268310547,263800
2020-10-15,8.199999809265137,8.5600004196167,8.199999809265137,8.529999732971191,7.224438667297363,413800
2020-10-16,8.520000457763672,8.609999656677246,8.359999656677246,8.600000381469727,7.283725261688232,363900
2020-10-19,8.649999618530273,8.710000038146973,8.470000267028809,8.489999771118164,7.190560817718506,366200
2020-10-20,8.609999656677246,8.75,8.579999923706055,8.640000343322754,7.3176045417785645,405500
2020-10-21,8.640000343322754,8.760000228881836,8.619999885559082,8.739999771118164,7.402297019958496,269600
2020-10-22,8.770000457763672,9.079999923706055,8.699999809265137,9.079999923706055,7.69025993347168,449600
2020-10-23,9.180000305175781,9.289999961853027,9.020000457763672,9.130000114440918,7.732604503631592,381600
2020-10-26,9.0,9.029999732971191,8.880000114440918,9.010000228881836,7.630973815917969,497600
2020-10-27,9.039999961853027,9.0600004196167,8.65999984741211,8.670000076293945,7.343011379241943,329100
2020-10-28,8.550000190734863,8.720000267028809,8.34000015258789,8.420000076293945,7.131274700164795,515800
2020-10-29,8.380000114440918,8.59000015258789,8.239999771118164,8.550000190734863,7.241377353668213,498000
2020-10-30,8.529999732971191,8.680000305175781,8.489999771118164,8.619999885559082,7.30066442489624,448400
2020-11-02,8.760000228881836,8.890000343322754,8.670000076293945,8.8100004196167,7.461583614349365,393900
2020-11-03,9.069999694824219,9.149999618530273,8.949999809265137,9.029999732971191,7.647911548614502,461300
2020-11-04,8.720000267028809,8.720000267028809,8.220000267028809,8.25,6.9872941970825195,553300
2020-11-05,8.199999809265137,8.630000114440918,8.1899995803833,8.510000228881836,7.304898738861084,599100
2020-11-06,8.619999885559082,8.65999984741211,8.359999656677246,8.390000343322754,7.201891899108887,506300
2020-11-09,9.180000305175781,10.119999885559082,9.079999923706055,9.930000305175781,8.523812294006348,907800
2020-11-10,9.789999961853027,10.180000305175781,9.789999961853027,10.039999961853027,8.618237495422363,722600
2020-11-11,10.0600004196167,10.0600004196167,9.529999732971191,9.75,8.369302749633789,603200
2020-11-12,9.539999961853027,9.670000076293945,9.359999656677246,9.539999961853027,8.189041137695312,616000
2020-11-13,9.680000305175781,9.899999618530273,9.630000114440918,9.789999961853027,8.403637886047363,655000
2020-11-16,10.210000038146973,10.300000190734863,9.989999771118164,10.25,8.798500061035156,493800
2020-11-17,10.039999961853027,10.220000267028809,9.880000114440918,10.15999984741211,8.721242904663086,496500
2020-11-18,10.270000457763672,10.329999923706055,9.970000267028809,9.970000267028809,8.558148384094238,404700
2020-11-19,9.920000076293945,9.989999771118164,9.739999771118164,9.949999809265137,8.540980339050293,325000
2020-11-20,9.859999656677246,10.079999923706055,9.770000457763672,9.970000267028809,8.558148384094238,531400
2020-11-23,10.170000076293945,10.260000228881836,10.039999961853027,10.119999885559082,8.686906814575195,563600
2020-11-24,10.359999656677246,10.739999771118164,10.350000381469727,10.600000381469727,9.098937034606934,548400
2020-11-25,10.460000038146973,10.630000114440918,10.229999542236328,10.329999923706055,8.867169380187988,349000
2020-11-27,10.289999961853027,10.359999656677246,10.029999732971191,10.140000343322754,8.704075813293457,185700
2020-11-30,10.069999694824219,10.100000381469727,9.640000343322754,9.670000076293945,8.300630569458008,493100
2020-12-01,9.90999984741211,10.039999961853027,9.770000457763672,9.789999961853027,8.403637886047363,452300
2020-12-02,9.779999732971191,10.069999694824219,9.779999732971191,10.039999961853027,8.618237495422363,362500
2020-12-03,10.0600004196167,10.210000038146973,9.930000305175781,10.100000381469727,8.669740676879883,378000
2020-12-04,10.300000190734863,10.489999771118164,10.270000457763672,10.470000267028809,8.987343788146973,485800
2020-12-07,10.399999618530273,10.470000267028809,10.199999809265137,10.369999885559082,8.901503562927246,415800
2020-12-08,10.229999542236328,10.520000457763672,10.229999542236328,10.5,9.01309585571289,447600
2020-12-09,10.630000114440918,10.739999771118164,10.489999771118164,10.550000190734863,9.056014060974121,518400
2020-12-10,10.420000076293945,10.600000381469727,10.390000343322754,10.520000457763672,9.03026294708252,380000
2020-12-11,10.350000381469727,10.470000267028809,10.3100004196167,10.390000343322754,8.918672561645508,307900
2020-12-14,10.609999656677246,10.619999885559082,10.359999656677246,10.359999656677246,8.89292049407959,542400
2020-12-15,10.460000038146973,10.720000267028809,10.359999656677246,10.65999984741211,9.150436401367188,445600
2020-12-16,10.75,10.789999961853027,10.609999656677246,10.739999771118164,9.219107627868652,548600
2020-12-17,10.789999961853027,10.789999961853027,10.510000228881836,10.649999618530273,9.141852378845215,478100
2020-12-18,10.640000343322754,10.880000114440918,10.600000381469727,10.670000076293945,9.159021377563477,2640100
2020-12-21,10.640000343322754,10.739999771118164,10.260000228881836,10.40999984741211,8.935840606689453,497800
2020-12-22,10.470000267028809,10.470000267028809,10.329999923706055,10.390000343322754,8.918672561645508,468100
2020-12-23,10.470000267028809,10.670000076293945,10.420000076293945,10.65999984741211,9.150436401367188,341300
2020-12-24,10.699999809265137,10.699999809265137,10.520000457763672,10.65999984741211,9.150436401367188,186600
2020-12-28,10.729999542236328,10.960000038146973,10.640000343322754,10.90999984741211,9.365034103393555,589600
2020-12-29,10.899999618530273,10.989999771118164,10.680000305175781,10.720000267028809,9.201940536499023,447400
2020-12-30,10.760000228881836,10.920000076293945,10.720000267028809,10.8100004196167,9.279197692871094,277500
2020-12-31,10.789999961853027,10.979999542236328,10.739999771118164,10.9399995803833,9.39078426361084,334600
2021-01-04,11.0,11.130000114440918,10.6899995803833,10.880000114440918,9.33928394317627,736900
2021-01-05,10.819999694824219,11.109999656677246,10.819999694824219,10.979999542236328,9.425121307373047,493400
2021-01-06,11.3100004196167,12.34000015258789,11.3100004196167,12.020000457763672,10.317848205566406,1564800
2021-01-07,12.140000343322754,12.279999732971191,12.010000228881836,12.130000114440918,10.412273406982422,814000
2021-01-08,12.220000267028809,12.270000457763672,11.609999656677246,11.880000114440918,10.197671890258789,460200
2021-01-11,11.960000038146973,12.520000457763672,11.739999771118164,12.5,10.729874610900879,567200
2021-01-12,12.5,12.84000015258789,12.420000076293945,12.65999984741211,10.867218017578125,461200
2021-01-13,12.5600004196167,12.720000267028809,12.380000114440918,12.5600004196167,10.781377792358398,422500
2021-01-14,12.6899995803833,12.989999771118164,12.630000114440918,12.869999885559082,11.047477722167969,464300
2021-01-15,12.569999694824219,12.8100004196167,12.4399995803833,12.649999618530273,10.858631134033203,671900
2021-01-19,12.760000228881836,12.789999961853027,12.5600004196167,12.720000267028809,10.918723106384277,533500
2021-01-20,12.670000076293945,12.770000457763672,12.5600004196167,12.6899995803833,10.892969131469727,466400
2021-01-21,12.680000305175781,12.739999771118164,12.34000015258789,12.369999885559082,10.618285179138184,484100
2021-01-22,12.180000305175781,12.6899995803833,12.140000343322754,12.670000076293945,10.875798225402832,450300
2021-01-25,12.470000267028809,12.649999618530273,12.15999984741211,12.59000015258789,10.807129859924316,447700
2021-01-26,12.699999809265137,12.699999809265137,12.4399995803833,12.460000038146973,10.695539474487305,333700
2021-01-27,12.199999809265137,12.479999542236328,11.630000114440918,11.6899995803833,10.034578323364258,678700
2021-01-28,12.079999923706055,12.130000114440918,11.869999885559082,12.010000228881836,10.30926513671875,758600
2021-01-29,11.979999542236328,12.149999618530273,11.680000305175781,11.729999542236328,10.068913459777832,822800
2021-02-01,11.779999732971191,11.890000343322754,11.529999732971191,11.8100004196167,10.13758659362793,400100
2021-02-02,11.9399995803833,12.180000305175781,11.789999961853027,12.109999656677246,10.395103454589844,347400
2021-02-03,12.039999961853027,12.15999984741211,11.770000457763672,12.119999885559082,10.403687477111816,562900
2021-02-04,11.9399995803833,12.5,11.9399995803833,12.420000076293945,10.7588529586792,552200
2021-02-05,12.489999771118164,12.539999961853027,12.239999771118164,12.449999809265137,10.78483772277832,411300
2021-02-08,12.5,12.699999809265137,12.380000114440918,12.680000305175781,10.984075546264648,410300
2021-02-09,12.619999885559082,12.890000343322754,12.539999961853027,12.859999656677246,11.140000343322754,519400
2021-02-10,12.899999618530273,12.960000038146973,12.75,12.760000228881836,11.053376197814941,519300
2021-02-11,12.789999961853027,12.890000343322754,12.460000038146973,12.59000015258789,10.906113624572754,682900
2021-02-12,12.609999656677246,12.720000267028809,12.510000228881836,12.640000343322754,10.949426651000977,434600
2021-02-16,12.789999961853027,12.970000267028809,12.630000114440918,12.899999618530273,11.174651145935059,404000
2021-02-17,12.850000381469727,13.09000015258789,12.829999923706055,12.989999771118164,11.25261402130127,424900
2021-02-18,12.90999984741211,13.050000190734863,12.760000228881836,12.770000457763672,11.062037467956543,406100
2021-02-19,12.899999618530273,13.09000015258789,12.850000381469727,13.069999694824219,11.321913719177246,387400
2021-02-22,13.0,13.359999656677246,12.949999809265137,13.289999961853027,11.51248836517334,540100
2021-02-23,13.34000015258789,13.829999923706055,13.300000190734863,13.460000038146973,11.65975284576416,820800
2021-02-24,13.5600004196167,14.0,13.479999542236328,13.880000114440918,12.023578643798828,609700
2021-02-25,14.069999694824219,14.149999618530273,13.699999809265137,13.779999732971191,11.9369535446167,673200
2021-02-26,13.630000114440918,13.760000228881836,13.369999885559082,13.40999984741211,11.616440773010254,795100
2021-03-01,13.699999809265137,13.84000015258789,13.520000457763672,13.710000038146973,11.876314163208008,404700
2021-03-02,13.65999984741211,13.779999732971191,13.510000228881836,13.600000381469727,11.781028747558594,392500
2021-03-03,13.539999961853027,14.34000015258789,13.539999961853027,13.930000305175781,12.066890716552734,716200
2021-03-04,13.920000076293945,14.399999618530273,13.90999984741211,14.119999885559082,12.23147964477539,828400
2021-03-05,14.420000076293945,14.619999885559082,14.25,14.59000015258789,12.638617515563965,907700
2021-03-08,14.779999732971191,15.34000015258789,14.779999732971191,15.260000228881836,13.21900463104248,727600
2021-03-09,15.039999961853027,15.210000038146973,14.640000343322754,14.949999809265137,12.950468063354492,716600
2021-03-10,15.010000228881836,15.300000190734863,14.890000343322754,15.220000267028809,13.184353828430176,970800
2021-03-11,15.140000343322754,15.220000267028809,15.010000228881836,15.1899995803833,13.158369064331055,454900
2021-03-12,15.390000343322754,15.5600004196167,15.289999961853027,15.510000228881836,13.435568809509277,538200
2021-03-15,15.449999809265137,15.449999809265137,14.920000076293945,15.140000343322754,13.115056037902832,587700
2021-03-16,14.989999771118164,15.039999961853027,14.680000305175781,14.970000267028809,12.967794418334961,612300
2021-03-17,15.069999694824219,15.229999542236328,14.84000015258789,14.920000076293945,12.924479484558105,558400
2021-03-18,15.100000381469727,15.5600004196167,14.949999809265137,15.020000457763672,13.011103630065918,572800
2021-03-19,14.819999694824219,15.100000381469727,14.520000457763672,14.989999771118164,12.985119819641113,2216100
2021-03-22,14.829999923706055,14.880000114440918,14.329999923706055,14.489999771118164,12.551990509033203,488900
2021-03-23,14.25,14.510000228881836,13.949999809265137,14.010000228881836,12.136190414428711,564800
2021-03-24,14.1899995803833,14.649999618530273,14.010000228881836,14.010000228881836,12.136190414428711,483100
2021-03-25,13.979999542236328,14.449999809265137,13.869999885559082,14.34000015258789,12.422054290771484,416900
2021-03-26,14.59000015258789,14.6899995803833,14.460000038146973,14.640000343322754,12.681930541992188,496800
2021-03-29,14.479999542236328,14.609999656677246,14.09000015258789,14.180000305175781,12.283452987670898,478800
2021-03-30,14.359999656677246,14.59000015258789,14.34000015258789,14.390000343322754,12.465367317199707,408100
2021-03-31,14.609999656677246,14.670000076293945,14.369999885559082,14.369999885559082,12.448040962219238,881600
2021-04-01,14.279999732971191,14.529999732971191,14.199999809265137,14.5,12.560653686523438,372400
2021-04-05,14.59000015258789,14.720000267028809,14.380000114440918,14.520000457763672,12.577980041503906,483500
2021-04-06,14.479999542236328,14.65999984741211,14.380000114440918,14.529999732971191,12.586640357971191,300500
2021-04-07,14.5,14.619999885559082,14.319999694824219,14.40999984741211,12.48269271850586,342000
2021-04-08,14.300000190734863,14.420000076293945,14.079999923706055,14.359999656677246,12.43937873840332,326100
2021-04-09,14.5,14.520000457763672,14.359999656677246,14.460000038146973,12.526004791259766,304600
2021-04-12,14.539999961853027,14.65999984741211,14.369999885559082,14.579999923706055,12.62995433807373,246800
2021-04-13,14.4399995803833,14.569999694824219,14.140000343322754,14.229999542236328,12.326765060424805,260600
2021-04-14,14.229999542236328,14.569999694824219,14.229999542236328,14.4399995803833,12.508678436279297,219700
2021-04-15,14.470000267028809,14.470000267028809,14.069999694824219,14.359999656677246,12.43937873840332,210400
2021-04-16,14.600000381469727,14.619999885559082,14.319999694824219,14.40999984741211,12.48269271850586,221100
2021-04-19,14.369999885559082,14.460000038146973,14.170000076293945,14.289999961853027,12.378742218017578,248000
2021-04-20,14.170000076293945,14.170000076293945,13.779999732971191,13.819999694824219,11.971602439880371,365500
2021-04-21,13.789999961853027,14.15999984741211,13.720000267028809,14.100000381469727,12.214153289794922,414500
2021-04-22,14.0600004196167,14.109999656677246,13.869999885559082,13.880000114440918,12.023578643798828,315300
2021-04-23,13.850000381469727,14.569999694824219,13.829999923706055,14.4399995803833,12.508678436279297,453600
2021-04-26,14.59000015258789,14.710000038146973,14.289999961853027,14.34000015258789,12.422054290771484,301900
2021-04-27,14.579999923706055,14.579999923706055,14.1899995803833,14.4399995803833,12.508678436279297,294000
2021-04-28,14.359999656677246,14.529999732971191,14.260000228881836,14.380000114440918,12.456703186035156,246600
2021-04-29,14.670000076293945,14.869999885559082,14.489999771118164,14.699999809265137,12.733904838562012,344800
2021-04-30,14.569999694824219,14.829999923706055,14.460000038146973,14.489999771118164,12.551990509033203,454100
2021-05-03,14.75,14.9399995803833,14.649999618530273,14.829999923706055,12.846516609191895,648500
2021-05-04,14.779999732971191,15.050000190734863,14.6899995803833,15.039999961853027,13.028428077697754,442300
2021-05-05,15.050000190734863,15.069999694824219,14.770000457763672,15.0600004196167,13.045754432678223,298400
2021-05-06,15.010000228881836,15.199999809265137,14.819999694824219,15.199999809265137,13.268349647521973,438300
2021-05-07,14.979999542236328,15.1899995803833,14.979999542236328,15.180000305175781,13.250890731811523,362300
2021-05-10,15.229999542236328,15.489999771118164,15.119999885559082,15.119999885559082,13.198514938354492,535000
2021-05-11,14.970000267028809,15.15999984741211,14.8100004196167,14.880000114440918,12.989014625549316,311200
2021-05-12,15.039999961853027,15.09000015258789,14.510000228881836,14.569999694824219,12.71841049194336,359000
2021-05-13,14.539999961853027,15.25,14.539999961853027,15.15999984741211,13.233433723449707,499400
2021-05-14,15.270000457763672,15.300000190734863,15.140000343322754,15.300000190734863,13.35564136505127,276300
2021-05-17,15.229999542236328,15.4399995803833,15.109999656677246,15.420000076293945,13.460391998291016,348900
2021-05-18,15.390000343322754,15.470000267028809,15.109999656677246,15.109999656677246,13.189788818359375,266900
2021-05-19,14.930000305175781,15.140000343322754,14.710000038146973,15.130000114440918,13.207244873046875,518800
2021-05-20,15.039999961853027,15.1899995803833,14.84000015258789,15.130000114440918,13.207244873046875,286300
2021-05-21,15.279999732971191,15.579999923706055,15.239999771118164,15.539999961853027,13.565140724182129,391000
2021-05-24,15.649999618530273,15.6899995803833,15.279999732971191,15.279999732971191,13.33818244934082,270300
2021-05-25,15.329999923706055,15.460000038146973,14.720000267028809,14.729999542236328,12.858078002929688,379300
2021-05-26,14.789999961853027,14.979999542236328,14.619999885559082,14.960000038146973,13.058849334716797,294900
2021-05-27,15.170000076293945,15.270000457763672,15.09000015258789,15.180000305175781,13.250890731811523,262600
2021-05-28,15.25,15.25,14.899999618530273,15.149999618530273,13.224701881408691,231900
2021-06-01,15.25,15.430000305175781,15.15999984741211,15.359999656677246,13.408015251159668,503300
2021-06-02,15.40999984741211,15.430000305175781,15.130000114440918,15.170000076293945,13.242161750793457,270700
2021-06-03,15.170000076293945,15.319999694824219,15.050000190734863,15.279999732971191,13.33818244934082,289200
2021-06-04,15.210000038146973,15.239999771118164,15.079999923706055,15.210000038146973,13.277077674865723,193000
2021-06-07,15.210000038146973,15.279999732971191,15.09000015258789,15.170000076293945,13.242161750793457,241000
2021-06-08,15.020000457763672,15.319999694824219,14.930000305175781,15.270000457763672,13.329455375671387,286400
2021-06-09,15.130000114440918,15.180000305175781,15.020000457763672,15.050000190734863,13.137412071228027,479600
2021-06-10,15.140000343322754,15.1899995803833,14.699999809265137,14.699999809265137,12.831890106201172,281300
2021-06-11,14.829999923706055,15.0,14.680000305175781,14.699999809265137,12.831890106201172,246800
2021-06-14,14.729999542236328,14.949999809265137,14.449999809265137,14.579999923706055,12.727142333984375,382000
2021-06-15,14.640000343322754,14.890000343322754,14.550000190734863,14.739999771118164,12.866806983947754,361400
2021-06-16,14.680000305175781,15.029999732971191,14.479999542236328,14.930000305175781,13.032661437988281,463400
2021-06-17,15.050000190734863,15.050000190734863,14.210000038146973,14.239999771118164,12.430350303649902,717400
2021-06-18,14.010000228881836,14.119999885559082,13.75,13.770000457763672,12.0200777053833,1092500
2021-06-21,13.960000038146973,14.470000267028809,13.899999618530273,14.359999656677246,12.5350980758667,627800
2021-06-22,14.359999656677246,14.380000114440918,14.119999885559082,14.289999961853027,12.473995208740234,273900
2021-06-23,14.34000015258789,14.430000305175781,14.229999542236328,14.229999542236328,12.421618461608887,418600
2021-06-24,14.359999656677246,14.539999961853027,14.180000305175781,14.510000228881836,12.666034698486328,279000
2021-06-25,14.550000190734863,14.680000305175781,14.430000305175781,14.600000381469727,12.744601249694824,894600
2021-06-28,14.529999732971191,14.529999732971191,14.039999961853027,14.119999885559082,12.32559871673584,485000
2021-06-29,14.260000228881836,14.350000381469727,14.010000228881836,14.050000190734863,12.264495849609375,241600
2021-06-30,13.970000267028809,14.130000114440918,13.970000267028809,14.069999694824219,12.281951904296875,393700
2021-07-01,14.180000305175781,14.199999809265137,13.989999771118164,14.079999923706055,12.290680885314941,434300
2021-07-02,14.050000190734863,14.180000305175781,13.890000343322754,13.949999809265137,12.177202224731445,460900
2021-07-06,13.890000343322754,13.960000038146973,13.5,13.5600004196167,11.836766242980957,436400
2021-07-07,13.40999984741211,13.819999694824219,13.359999656677246,13.649999618530273,11.915325164794922,545900
2021-07-08,13.359999656677246,13.550000190734863,13.220000267028809,13.369999885559082,11.670909881591797,639500
2021-07-09,13.649999618530273,13.880000114440918,13.609999656677246,13.880000114440918,12.116098403930664,435700
2021-07-12,13.65999984741211,14.0,13.609999656677246,14.0,12.220848083496094,509500
2021-07-13,13.920000076293945,13.9399995803833,13.59000015258789,13.640000343322754,11.906599044799805,447600
2021-07-14,13.6899995803833,13.90999984741211,13.479999542236328,13.640000343322754,11.906599044799805,408300
2021-07-15,13.520000457763672,13.9399995803833,13.520000457763672,13.920000076293945,12.151017189025879,490900
2021-07-16,14.0,14.0,13.5,13.529999732971191,11.810576438903809,543500
2021-07-19,13.180000305175781,13.380000114440918,12.890000343322754,13.010000228881836,11.356659889221191,522600
2021-07-20,13.020000457763672,13.699999809265137,13.010000228881836,13.319999694824219,11.627264022827148,738800
2021-07-21,13.510000228881836,13.720000267028809,13.510000228881836,13.59000015258789,11.86295223236084,334900
2021-07-22,13.510000228881836,13.510000228881836,13.109999656677246,13.170000076293945,11.49632740020752,308300
2021-07-23,13.34000015258789,13.40999984741211,13.180000305175781,13.270000457763672,11.583619117736816,281000
2021-07-26,13.279999732971191,13.550000190734863,13.279999732971191,13.40999984741211,11.705825805664062,375800
2021-07-27,13.239999771118164,13.460000038146973,13.140000343322754,13.399999618530273,11.697096824645996,437400
2021-07-28,13.539999961853027,13.539999961853027,12.59000015258789,13.210000038146973,11.531244277954102,729100
2021-07-29,13.260000228881836,13.5,13.260000228881836,13.34000015258789,11.644721031188965,408800
2021-07-30,13.350000381469727,13.539999961853027,13.130000114440918,13.170000076293945,11.49632740020752,443200
2021-08-02,13.199999809265137,13.489999771118164,13.010000228881836,13.050000190734863,11.391576766967773,523200
2021-08-03,13.149999618530273,13.329999923706055,12.949999809265137,13.260000228881836,11.574889183044434,599900
2021-08-04,13.010000228881836,13.220000267028809,12.960000038146973,12.989999771118164,11.339200973510742,470500
2021-08-05,13.0,13.130000114440918,12.90999984741211,13.079999923706055,11.51974868774414,326200
2021-08-06,13.329999923706055,13.579999923706055,13.199999809265137,13.460000038146973,11.854419708251953,374100
2021-08-09,13.420000076293945,13.529999732971191,13.279999732971191,13.369999885559082,11.775155067443848,258400
2021-08-10,13.329999923706055,13.59000015258789,13.260000228881836,13.5600004196167,11.94249153137207,409700
2021-08-11,13.609999656677246,13.789999961853027,13.420000076293945,13.770000457763672,12.12744140625,408900
2021-08-12,13.789999961853027,13.800000190734863,13.59000015258789,13.670000076293945,12.039369583129883,293100
2021-08-13,13.6899995803833,13.710000038146973,13.539999961853027,13.539999961853027,11.924878120422363,219700
2021-08-16,13.420000076293945,13.59000015258789,13.300000190734863,13.520000457763672,11.907261848449707,275400
2021-08-17,13.369999885559082,13.529999732971191,13.220000267028809,13.34000015258789,11.748733520507812,226300
2021-08-18,13.289999961853027,13.5,13.210000038146973,13.229999542236328,11.651854515075684,271700
2021-08-19,13.020000457763672,13.239999771118164,12.970000267028809,13.079999923706055,11.51974868774414,426900
2021-08-20,13.069999694824219,13.380000114440918,13.020000457763672,13.319999694824219,11.731119155883789,381300
2021-08-23,13.359999656677246,13.489999771118164,13.3100004196167,13.34000015258789,11.748733520507812,235300
2021-08-24,13.34000015258789,13.449999809265137,13.289999961853027,13.399999618530273,11.801576614379883,217200
2021-08-25,13.380000114440918,13.65999984741211,13.359999656677246,13.489999771118164,11.880841255187988,366800
2021-08-26,13.539999961853027,13.5600004196167,13.260000228881836,13.260000228881836,11.678277015686035,307000
2021-08-27,13.319999694824219,13.770000457763672,13.319999694824219,13.720000267028809,12.083403587341309,365400
2021-08-30,13.760000228881836,13.760000228881836,13.350000381469727,13.359999656677246,11.766347885131836,294200
2021-08-31,13.390000343322754,13.630000114440918,13.359999656677246,13.520000457763672,11.907261848449707,389800
2021-09-01,13.539999961853027,13.569999694824219,13.359999656677246,13.489999771118164,11.880841255187988,452700
2021-09-02,13.520000457763672,13.640000343322754,13.380000114440918,13.420000076293945,11.81919002532959,266100
2021-09-03,13.449999809265137,13.5,13.239999771118164,13.319999694824219,11.731119155883789,311000
2021-09-07,13.289999961853027,13.470000267028809,13.1899995803833,13.199999809265137,11.625433921813965,381400
2021-09-08,13.119999885559082,13.210000038146973,12.90999984741211,12.979999542236328,11.431676864624023,321900
2021-09-09,12.899999618530273,13.119999885559082,12.899999618530273,12.930000305175781,11.387639999389648,374000
2021-09-10,13.0,13.100000381469727,12.670000076293945,12.699999809265137,11.185077667236328,368200
2021-09-13,12.800000190734863,12.880000114440918,12.710000038146973,12.869999885559082,11.334796905517578,467000
2021-09-14,12.850000381469727,12.869999885559082,12.40999984741211,12.489999771118164,11.00012493133545,429900
2021-09-15,12.460000038146973,12.680000305175781,12.460000038146973,12.649999618530273,11.14103889465332,494100
2021-09-16,12.739999771118164,12.789999961853027,12.5600004196167,12.640000343322754,11.132233619689941,452700
2021-09-17,12.6899995803833,12.979999542236328,12.649999618530273,12.960000038146973,11.414061546325684,1744600
2021-09-20,12.609999656677246,12.649999618530273,12.359999656677246,12.520000457763672,11.026548385620117,785400
2021-09-21,12.619999885559082,12.710000038146973,12.4399995803833,12.449999809265137,10.964899063110352,544800
2021-09-22,12.630000114440918,12.869999885559082,12.600000381469727,12.680000305175781,11.167460441589355,476700
2021-09-23,12.819999694824219,13.270000457763672,12.819999694824219,13.079999923706055,11.51974868774414,449500
2021-09-24,13.0600004196167,13.380000114440918,13.0600004196167,13.279999732971191,11.695889472961426,374200
2021-09-27,13.430000305175781,13.9399995803833,13.40999984741211,13.779999732971191,12.136247634887695,464800
2021-09-28,13.859999656677246,13.970000267028809,13.5600004196167,13.609999656677246,11.986526489257812,467800
2021-09-29,13.609999656677246,13.880000114440918,13.529999732971191,13.8100004196167,12.162670135498047,335000
2021-09-30,13.920000076293945,13.920000076293945,13.630000114440918,13.630000114440918,12.004141807556152,388100
2021-10-01,13.710000038146973,14.130000114440918,13.710000038146973,13.989999771118164,12.321199417114258,515500
2021-10-04,14.029999732971191,14.149999618530273,13.949999809265137,14.039999961853027,12.365234375,341500
2021-10-05,14.149999618530273,14.25,14.0,14.130000114440918,12.444498062133789,421800
2021-10-06,13.960000038146973,14.149999618530273,13.8100004196167,14.140000343322754,12.4533052444458,380200
2021-10-07,14.25,14.369999885559082,14.15999984741211,14.359999656677246,12.647063255310059,254300
2021-10-08,14.34000015258789,14.40999984741211,14.270000457763672,14.350000381469727,12.63825511932373,212600
2021-10-11,14.460000038146973,14.470000267028809,14.170000076293945,14.180000305175781,12.488533973693848,201100
2021-10-12,14.130000114440918,14.25,14.050000190734863,14.170000076293945,12.47972583770752,211600
2021-10-13,14.140000343322754,14.140000343322754,13.84000015258789,14.010000228881836,12.338813781738281,222000
2021-10-14,14.180000305175781,14.220000267028809,13.989999771118164,14.220000267028809,12.523763656616211,261600
2021-10-15,14.569999694824219,14.569999694824219,14.09000015258789,14.09000015258789,12.409269332885742,394000
2021-10-18,14.029999732971191,14.220000267028809,14.0,14.039999961853027,12.365234375,230500
2021-10-19,14.100000381469727,14.119999885559082,13.970000267028809,14.09000015258789,12.409269332885742,190200
2021-10-20,14.100000381469727,14.40999984741211,14.039999961853027,14.399999618530273,12.682291984558105,338600
2021-10-21,14.390000343322754,14.40999984741211,14.180000305175781,14.319999694824219,12.611834526062012,271100
2021-10-22,14.329999923706055,14.5,14.329999923706055,14.470000267028809,12.743940353393555,243400
2021-10-25,14.510000228881836,14.569999694824219,14.420000076293945,14.539999961853027,12.805591583251953,292200
2021-10-26,14.600000381469727,14.600000381469727,14.40999984741211,14.420000076293945,12.699905395507812,302800
2021-10-27,14.75,15.210000038146973,14.489999771118164,14.489999771118164,12.761553764343262,651000
2021-10-28,15.239999771118164,15.6899995803833,15.1899995803833,15.260000228881836,13.439703941345215,804900
2021-10-29,15.229999542236328,15.40999984741211,15.180000305175781,15.300000190734863,13.474932670593262,475300
2021-11-01,15.369999885559082,15.670000076293945,15.3100004196167,15.649999618530273,13.783184051513672,491400
2021-11-02,15.6899995803833,15.6899995803833,15.40999984741211,15.430000305175781,13.58942699432373,418600
2021-11-03,15.350000381469727,15.890000343322754,15.350000381469727,15.850000381469727,13.95932674407959,501600
2021-11-04,15.75,15.819999694824219,15.289999961853027,15.5,13.750845909118652,567700
2021-11-05,15.65999984741211,15.890000343322754,15.579999923706055,15.8100004196167,14.025862693786621,445200
2021-11-08,15.920000076293945,16.010000228881836,15.770000457763672,15.84000015258789,14.052477836608887,338000
2021-11-09,15.6899995803833,15.9399995803833,15.640000343322754,15.84000015258789,14.052477836608887,451700
2021-11-10,15.890000343322754,16.030000686645508,15.859999656677246,15.90999984741211,14.114578247070312,298800
2021-11-11,15.920000076293945,16.059999465942383,15.850000381469727,15.960000038146973,14.158936500549316,324500
2021-11-12,16.0,16.0,15.65999984741211,15.760000228881836,13.98150634765625,291500
2021-11-15,15.869999885559082,16.0,15.680000305175781,15.720000267028809,13.946020126342773,342000
2021-11-16,15.710000038146973,15.829999923706055,15.569999694824219,15.710000038146973,13.937150001525879,343500
2021-11-17,15.65999984741211,15.710000038146973,15.420000076293945,15.600000381469727,13.839561462402344,360000
2021-11-18,15.600000381469727,15.760000228881836,15.600000381469727,15.680000305175781,13.91053295135498,398500
2021-11-19,15.460000038146973,15.819999694824219,15.380000114440918,15.8100004196167,14.025862693786621,508800
2021-11-22,16.059999465942383,16.280000686645508,15.949999809265137,15.989999771118164,14.18554973602295,386900
2021-11-23,16.040000915527344,16.209999084472656,16.010000228881836,16.15999984741211,14.336366653442383,394800
2021-11-24,16.09000015258789,16.200000762939453,16.010000228881836,16.1200008392334,14.300881385803223,228100
2021-11-26,15.510000228881836,15.739999771118164,15.039999961853027,15.369999885559082,13.635516166687012,486600
2021-11-29,15.569999694824219,15.600000381469727,15.25,15.3100004196167,13.58228874206543,488600
2021-11-30,15.069999694824219,15.260000228881836,14.960000038146973,15.029999732971191,13.33388614654541,781300
2021-12-01,15.4399995803833,15.59000015258789,14.979999542236328,14.989999771118164,13.298399925231934,509500
2021-12-02,15.170000076293945,15.600000381469727,15.0,15.470000267028809,13.72423267364502,478300
2021-12-03,15.5,15.600000381469727,15.140000343322754,15.229999542236328,13.51131534576416,567000
2021-12-06,15.550000190734863,15.670000076293945,15.449999809265137,15.510000228881836,13.759718894958496,459400
2021-12-07,15.640000343322754,15.65999984741211,15.229999542236328,15.319999694824219,13.591157913208008,392100
2021-12-08,15.369999885559082,15.5,15.270000457763672,15.329999923706055,13.600030899047852,386600
2021-12-09,15.180000305175781,15.180000305175781,15.039999961853027,15.069999694824219,13.369370460510254,317600
2021-12-10,15.15999984741211,15.15999984741211,14.899999618530273,15.0600004196167,13.360499382019043,395000
2021-12-13,14.979999542236328,15.039999961853027,14.779999732971191,14.829999923706055,13.156453132629395,469800
2021-12-14,14.899999618530273,15.1899995803833,14.829999923706055,14.970000267028809,13.280656814575195,617700
2021-12-15,15.020000457763672,15.25,14.899999618530273,14.90999984741211,13.22742748260498,1065100
2021-12-16,15.140000343322754,15.550000190734863,15.069999694824219,15.359999656677246,13.626644134521484,812200
2021-12-17,15.220000267028809,15.350000381469727,14.779999732971191,15.289999961853027,13.564544677734375,3600200
2021-12-20,15.09000015258789,15.109999656677246,14.699999809265137,15.029999732971191,13.33388614654541,847800
2021-12-21,15.1899995803833,15.609999656677246,15.1899995803833,15.59000015258789,13.830690383911133,572000
2021-12-22,15.550000190734863,15.819999694824219,15.470000267028809,15.8100004196167,14.025862693786621,366700
2021-12-23,15.9399995803833,16.100000381469727,15.90999984741211,15.920000076293945,14.123448371887207,277400
2021-12-27,15.9399995803833,16.1200008392334,15.729999542236328,16.1200008392334,14.300881385803223,315900
2021-12-28,16.040000915527344,16.260000228881836,16.040000915527344,16.06999969482422,14.256523132324219,233500
2021-12-29,16.149999618530273,16.170000076293945,15.970000267028809,16.09000015258789,14.27426528930664,315200
2021-12-30,16.100000381469727,16.229999542236328,16.010000228881836,16.110000610351562,14.292010307312012,427100
2021-12-31,16.030000686645508,16.149999618530273,15.989999771118164,16.09000015258789,14.27426528930664,267200
2022-01-03,16.229999542236328,16.479999542236328,16.059999465942383,16.25,14.416211128234863,426200
2022-01-04,16.3700008392334,16.709999084472656,16.3700008392334,16.600000381469727,14.726714134216309,492200
2022-01-05,16.610000610351562,16.809999465942383,16.540000915527344,16.549999237060547,14.682355880737305,465000
2022-01-06,16.760000228881836,17.18000030517578,16.68000030517578,17.1299991607666,15.19690227508545,476300
2022-01-07,17.1200008392334,17.25,16.969999313354492,17.239999771118164,15.294489860534668,623300
2022-01-10,17.260000228881836,17.350000381469727,17.1200008392334,17.260000228881836,15.312233924865723,568200
2022-01-11,17.31999969482422,17.360000610351562,16.940000534057617,17.1299991607666,15.19690227508545,409700
2022-01-12,17.270000457763672,17.31999969482422,17.010000228881836,17.190000534057617,15.250134468078613,448200
2022-01-13,17.25,17.399999618530273,17.209999084472656,17.280000686645508,15.329977035522461,384300
2022-01-14,17.040000915527344,17.549999237060547,16.989999771118164,17.549999237060547,15.569502830505371,370200
2022-01-18,17.549999237060547,17.6299991607666,17.280000686645508,17.299999237060547,15.3477201461792,439200
2022-01-19,17.299999237060547,17.299999237060547,16.84000015258789,16.84000015258789,14.939630508422852,343400
2022-01-20,16.799999237060547,16.989999771118164,16.360000610351562,16.399999618530273,14.549283027648926,327200
2022-01-21,16.3799991607666,16.670000076293945,16.209999084472656,16.209999084472656,14.380724906921387,591600
2022-01-24,16.049999237060547,16.690000534057617,16.020000457763672,16.600000381469727,14.726714134216309,791300
2022-01-25,16.43000030517578,16.799999237060547,16.200000762939453,16.610000610351562,14.73558521270752,402200
2022-01-26,16.229999542236328,16.600000381469727,15.3100004196167,16.040000915527344,14.229907989501953,920700
2022-01-27,16.760000228881836,17.40999984741211,16.479999542236328,16.649999618530273,14.77107048034668,1044200
2022-01-28,16.649999618530273,16.90999984741211,16.170000076293945,16.559999465942383,14.691227912902832,711900
2022-01-31,16.399999618530273,16.559999465942383,16.209999084472656,16.559999465942383,14.691227912902832,654600
2022-02-01,16.56999969482422,16.709999084472656,16.31999969482422,16.690000534057617,14.806556701660156,688300
2022-02-02,16.65999984741211,16.760000228881836,16.5,16.6299991607666,14.753325462341309,648400
2022-02-03,16.530000686645508,16.809999465942383,16.40999984741211,16.450000762939453,14.695262908935547,379300
2022-02-04,16.479999542236328,16.670000076293945,16.329999923706055,16.6200008392334,14.847128868103027,457100
2022-02-07,16.639999389648438,16.68000030517578,16.459999084472656,16.579999923706055,14.811395645141602,290200
2022-02-08,16.68000030517578,16.940000534057617,16.610000610351562,16.93000030517578,15.124061584472656,969200
2022-02-09,17.09000015258789,17.09000015258789,16.639999389648438,16.729999542236328,14.945391654968262,514400
2022-02-10,16.649999618530273,16.940000534057617,16.520000457763672,16.690000534057617,14.909660339355469,558600
2022-02-11,16.6299991607666,16.860000610351562,16.479999542236328,16.600000381469727,14.829261779785156,405000
2022-02-14,16.690000534057617,16.770000457763672,16.350000381469727,16.459999084472656,14.704192161560059,451900
2022-02-15,16.639999389648438,16.84000015258789,16.610000610351562,16.770000457763672,14.98112678527832,372500
2022-02-16,16.700000762939453,16.899999618530273,16.649999618530273,16.780000686645508,14.990059852600098,591600
2022-02-17,16.6200008392334,16.68000030517578,16.360000610351562,16.43000030517578,14.677395820617676,419500
2022-02-18,16.34000015258789,16.65999984741211,16.34000015258789,16.43000030517578,14.677395820617676,1243600
2022-02-22,16.399999618530273,16.649999618530273,16.309999465942383,16.420000076293945,14.668460845947266,501000
2022-02-23,16.56999969482422,16.600000381469727,16.020000457763672,16.09000015258789,14.373662948608398,474700
2022-02-24,15.619999885559082,15.75,15.239999771118164,15.65999984741211,13.989530563354492,933000
2022-02-25,15.850000381469727,16.290000915527344,15.850000381469727,16.219999313354492,14.48979377746582,540100
2022-02-28,15.850000381469727,16.200000762939453,15.850000381469727,16.149999618530273,14.427263259887695,812200
2022-03-01,16.020000457763672,16.1200008392334,15.260000228881836,15.40999984741211,13.766199111938477,706700
2022-03-02,15.609999656677246,16.09000015258789,15.59000015258789,15.949999809265137,14.248597145080566,550200
2022-03-03,15.989999771118164,16.059999465942383,15.850000381469727,15.960000038146973,14.257529258728027,430700
2022-03-04,15.640000343322754,15.670000076293945,15.460000038146973,15.569999694824219,13.909130096435547,654500
2022-03-07,15.479999542236328,15.59000015258789,15.119999885559082,15.119999885559082,13.507134437561035,497500
2022-03-08,15.270000457763672,15.630000114440918,15.210000038146973,15.239999771118164,13.61433219909668,812700
2022-03-09,15.600000381469727,15.770000457763672,15.4399995803833,15.479999542236328,13.828731536865234,726200
2022-03-10,15.3100004196167,15.520000457763672,15.270000457763672,15.479999542236328,13.828731536865234,362600
2022-03-11,15.5600004196167,15.779999732971191,15.5600004196167,15.640000343322754,13.971665382385254,365300
2022-03-14,15.899999618530273,16.049999237060547,15.729999542236328,15.800000190734863,14.114596366882324,397500
2022-03-15,15.9399995803833,16.030000686645508,15.550000190734863,15.710000038146973,14.034198760986328,386700
2022-03-16,15.850000381469727,16.020000457763672,15.699999809265137,15.979999542236328,14.275396347045898,489900
2022-03-17,15.819999694824219,15.84000015258789,15.539999961853027,15.720000267028809,14.043131828308105,413700
2022-03-18,15.75,15.75,15.369999885559082,15.579999923706055,13.91806411743164,2151900
2022-03-21,15.6899995803833,15.850000381469727,15.449999809265137,15.569999694824219,13.909130096435547,466300
2022-03-22,15.699999809265137,15.859999656677246,15.539999961853027,15.630000114440918,13.96273136138916,531200
2022-03-23,15.529999732971191,15.529999732971191,15.15999984741211,15.1899995803833,13.569665908813477,458900
2022-03-24,15.279999732971191,15.390000343322754,15.15999984741211,15.260000228881836,13.632198333740234,550900
2022-03-25,15.34000015258789,15.649999618530273,15.34000015258789,15.619999885559082,13.953797340393066,599000
2022-03-28,15.569999694824219,15.569999694824219,15.319999694824219,15.460000038146973,13.810864448547363,591300
2022-03-29,15.710000038146973,15.819999694824219,15.510000228881836,15.720000267028809,14.043131828308105,734700
2022-03-30,15.720000267028809,15.789999961853027,15.300000190734863,15.420000076293945,13.775131225585938,448000
2022-03-31,15.319999694824219,15.529999732971191,15.149999618530273,15.15999984741211,13.542867660522461,684200
2022-04-01,15.279999732971191,15.34000015258789,15.100000381469727,15.229999542236328,13.605398178100586,840100
2022-04-04,15.229999542236328,15.229999542236328,14.9399995803833,15.069999694824219,13.4624662399292,628000
2022-04-05,15.130000114440918,15.300000190734863,15.0,15.010000228881836,13.408868789672852,721900
2022-04-06,14.979999542236328,15.079999923706055,14.729999542236328,14.779999732971191,13.203400611877441,732100
2022-04-07,14.8100004196167,14.84000015258789,14.489999771118164,14.569999694824219,13.015801429748535,992100
2022-04-08,14.569999694824219,14.760000228881836,14.470000267028809,14.529999732971191,12.980069160461426,651600
2022-04-11,14.4399995803833,14.779999732971191,14.4399995803833,14.510000228881836,12.962203979492188,646300
2022-04-12,14.5,14.699999809265137,14.369999885559082,14.420000076293945,12.881803512573242,596000
2022-04-13,14.34000015258789,14.670000076293945,14.260000228881836,14.649999618530273,13.087267875671387,363100
2022-04-14,14.630000114440918,14.729999542236328,14.40999984741211,14.449999809265137,12.908602714538574,375700
2022-04-18,14.390000343322754,14.5600004196167,14.390000343322754,14.489999771118164,12.944334983825684,315900
2022-04-19,14.5600004196167,14.90999984741211,14.4399995803833,14.869999885559082,13.283801078796387,612300
2022-04-20,15.020000457763672,15.109999656677246,14.859999656677246,14.989999771118164,13.39100170135498,481300
2022-04-21,15.15999984741211,15.270000457763672,14.720000267028809,14.8100004196167,13.230202674865723,524300
2022-04-22,14.779999732971191,14.779999732971191,14.430000305175781,14.430000305175781,12.890737533569336,513500
2022-04-25,14.380000114440918,14.489999771118164,14.130000114440918,14.40999984741211,12.872870445251465,738000
2022-04-26,13.979999542236328,14.34000015258789,13.569999694824219,13.850000381469727,12.37260627746582,688700
2022-04-27,13.8100004196167,13.989999771118164,13.710000038146973,13.829999923706055,12.354738235473633,723500
2022-04-28,13.970000267028809,14.0600004196167,13.770000457763672,13.920000076293945,12.435139656066895,479000
2022-04-29,13.8100004196167,13.899999618530273,13.449999809265137,13.479999542236328,12.042073249816895,719800
2022-05-02,13.5600004196167,13.779999732971191,13.369999885559082,13.670000076293945,12.211806297302246,736100
2022-05-03,13.760000228881836,13.850000381469727,13.550000190734863,13.739999771118164,12.274338722229004,482200
2022-05-04,13.699999809265137,14.149999618530273,13.699999809265137,14.100000381469727,12.595937728881836,473600
2022-05-05,13.789999961853027,13.84000015258789,13.510000228881836,13.6899995803833,12.334649085998535,478500
2022-05-06,13.65999984741211,13.699999809265137,13.40999984741211,13.5600004196167,12.217519760131836,790200
2022-05-09,13.4399995803833,13.609999656677246,13.34000015258789,13.479999542236328,12.145441055297852,518600
2022-05-10,13.600000381469727,13.65999984741211,13.140000343322754,13.350000381469727,12.028311729431152,481100
2022-05-11,13.4399995803833,13.529999732971191,13.1899995803833,13.220000267028809,11.91118049621582,579300
2022-05-12,13.239999771118164,13.289999961853027,12.979999542236328,13.279999732971191,11.965239524841309,705900
2022-05-13,13.369999885559082,13.430000305175781,13.109999656677246,13.239999771118164,11.92919921875,441900
2022-05-16,13.149999618530273,13.25,13.020000457763672,13.140000343322754,11.83910083770752,545700
2022-05-17,13.359999656677246,13.59000015258789,13.359999656677246,13.59000015258789,12.244548797607422,464900
2022-05-18,13.430000305175781,13.579999923706055,13.239999771118164,13.369999885559082,12.046329498291016,604200
2022-05-19,13.199999809265137,13.34000015258789,13.119999885559082,13.15999984741211,11.857121467590332,588700
2022-05-20,13.25,13.369999885559082,13.020000457763672,13.289999961853027,11.974249839782715,558600
2022-05-23,13.5600004196167,13.609999656677246,13.350000381469727,13.430000305175781,12.100391387939453,365400
2022-05-24,13.430000305175781,13.59000015258789,13.1899995803833,13.529999732971191,12.190489768981934,511000
2022-05-25,13.510000228881836,13.739999771118164,13.460000038146973,13.5600004196167,12.217519760131836,377800
2022-05-26,13.699999809265137,13.970000267028809,13.699999809265137,13.90999984741211,12.532868385314941,422300
2022-05-27,13.890000343322754,14.069999694824219,13.890000343322754,14.0600004196167,12.66801643371582,300100
2022-05-31,14.029999732971191,14.100000381469727,13.819999694824219,14.010000228881836,12.622966766357422,350200
2022-06-01,13.970000267028809,14.039999961853027,13.760000228881836,13.920000076293945,12.541879653930664,309000
2022-06-02,13.920000076293945,14.199999809265137,13.800000190734863,14.1899995803833,12.785147666931152,337300
2022-06-03,14.15999984741211,14.180000305175781,13.84000015258789,13.890000343322754,12.514847755432129,562600
2022-06-06,14.029999732971191,14.100000381469727,13.90999984741211,13.989999771118164,12.604948997497559,380100
2022-06-07,13.880000114440918,14.09000015258789,13.850000381469727,14.09000015258789,12.695047378540039,330400
2022-06-08,13.989999771118164,13.989999771118164,13.739999771118164,13.800000190734863,12.433758735656738,313700
2022-06-09,13.779999732971191,13.850000381469727,13.40999984741211,13.4399995803833,12.109400749206543,393500
2022-06-10,13.239999771118164,13.359999656677246,13.140000343322754,13.210000038146973,11.902169227600098,478500
2022-06-13,12.960000038146973,13.3100004196167,12.90999984741211,13.050000190734863,11.758010864257812,508100
2022-06-14,13.039999961853027,13.279999732971191,13.029999732971191,13.149999618530273,11.848111152648926,507600
2022-06-15,13.25,13.470000267028809,13.119999885559082,13.300000190734863,11.983260154724121,645200
2022-06-16,13.140000343322754,13.140000343322754,12.90999984741211,13.010000228881836,11.721972465515137,708700
2022-06-17,13.130000114440918,13.390000343322754,13.119999885559082,13.15999984741211,11.857121467590332,737700
2022-06-21,13.40999984741211,13.529999732971191,13.270000457763672,13.470000267028809,12.136429786682129,445000
2022-06-22,13.34000015258789,13.529999732971191,13.289999961853027,13.4399995803833,12.109400749206543,403200
2022-06-23,13.4399995803833,13.4399995803833,13.15999984741211,13.289999961853027,11.974249839782715,344400
2022-06-24,13.319999694824219,13.609999656677246,13.300000190734863,13.510000228881836,12.172470092773438,577400
2022-06-27,13.6899995803833,13.710000038146973,13.510000228881836,13.609999656677246,12.262568473815918,322300
2022-06-28,13.720000267028809,13.829999923706055,13.59000015258789,13.630000114440918,12.280591011047363,339200
2022-06-29,13.6899995803833,13.6899995803833,13.420000076293945,13.4399995803833,12.109400749206543,418900
2022-06-30,13.199999809265137,13.59000015258789,13.15999984741211,13.420000076293945,12.091378211975098,514100
2022-07-01,13.40999984741211,13.770000457763672,13.369999885559082,13.699999809265137,12.343657493591309,521800
2022-07-05,13.470000267028809,13.710000038146973,13.289999961853027,13.699999809265137,12.343657493591309,599900
2022-07-06,13.59000015258789,13.720000267028809,13.479999542236328,13.579999923706055,12.235539436340332,387300
2022-07-07,13.850000381469727,13.850000381469727,13.5600004196167,13.600000381469727,12.253561019897461,436500
2022-07-08,13.670000076293945,13.680000305175781,13.460000038146973,13.630000114440918,12.280591011047363,399000
2022-07-11,13.569999694824219,13.680000305175781,13.539999961853027,13.630000114440918,12.280591011047363,306900
2022-07-12,13.550000190734863,13.789999961853027,13.520000457763672,13.569999694824219,12.226529121398926,385800
2022-07-13,13.550000190734863,13.550000190734863,13.3100004196167,13.350000381469727,12.028311729431152,293800
2022-07-14,13.09000015258789,13.220000267028809,13.020000457763672,13.220000267028809,11.91118049621582,260000
2022-07-15,13.350000381469727,13.529999732971191,13.239999771118164,13.489999771118164,12.154449462890625,503500
2022-07-18,13.619999885559082,13.789999961853027,13.5,13.529999732971191,12.190489768981934,327300
2022-07-19,13.729999542236328,13.960000038146973,13.579999923706055,13.90999984741211,12.532868385314941,353500
2022-07-20,13.850000381469727,14.140000343322754,13.829999923706055,14.069999694824219,12.677027702331543,367200
2022-07-21,14.020000457763672,14.130000114440918,13.920000076293945,14.130000114440918,12.731088638305664,284600
2022-07-22,14.149999618530273,14.210000038146973,13.970000267028809,14.09000015258789,12.695047378540039,374300
2022-07-25,14.170000076293945,14.350000381469727,14.170000076293945,14.319999694824219,12.902277946472168,335800
2022-07-26,14.260000228881836,14.430000305175781,14.220000267028809,14.319999694824219,12.902277946472168,832100
2022-07-27,14.380000114440918,14.859999656677246,14.260000228881836,14.760000228881836,13.298715591430664,495200
2022-07-28,14.800000190734863,14.800000190734863,14.550000190734863,14.6899995803833,13.23564624786377,402900
2022-07-29,14.760000228881836,14.899999618530273,14.65999984741211,14.819999694824219,13.352774620056152,329900
2022-08-01,14.920000076293945,15.0600004196167,14.779999732971191,14.9399995803833,13.460894584655762,455200
2022-08-02,14.989999771118164,14.989999771118164,14.779999732971191,14.8100004196167,13.343765258789062,350300
2022-08-03,14.59000015258789,14.710000038146973,14.479999542236328,14.649999618530273,13.199605941772461,464400
2022-08-04,14.510000228881836,14.619999885559082,14.4399995803833,14.479999542236328,13.154184341430664,351100
2022-08-05,14.460000038146973,14.630000114440918,14.460000038146973,14.569999694824219,13.235944747924805,352900
2022-08-08,14.619999885559082,14.680000305175781,14.4399995803833,14.5600004196167,13.226860046386719,423300
2022-08-09,14.600000381469727,14.729999542236328,14.510000228881836,14.65999984741211,13.317702293395996,383100
2022-08-10,14.850000381469727,14.880000114440918,14.760000228881836,14.770000457763672,13.417630195617676,316300
2022-08-11,14.850000381469727,15.0,14.789999961853027,14.9399995803833,13.572065353393555,286000
2022-08-12,15.010000228881836,15.180000305175781,14.899999618530273,15.170000076293945,13.781005859375,290000
2022-08-15,15.029999732971191,15.34000015258789,15.029999732971191,15.329999923706055,13.92635726928711,328100
2022-08-16,15.300000190734863,15.420000076293945,15.239999771118164,15.390000343322754,13.980863571166992,237500
2022-08-17,15.3100004196167,15.329999923706055,15.15999984741211,15.319999694824219,13.917271614074707,298200
2022-08-18,15.3100004196167,15.350000381469727,15.220000267028809,15.279999732971191,13.880934715270996,193000
2022-08-19,15.229999542236328,15.289999961853027,15.0600004196167,15.170000076293945,13.781005859375,355200
2022-08-22,15.029999732971191,15.029999732971191,14.739999771118164,14.789999961853027,13.435799598693848,245000
2022-08-23,14.84000015258789,14.899999618530273,14.600000381469727,14.600000381469727,13.263197898864746,221100
2022-08-24,14.609999656677246,14.609999656677246,14.479999542236328,14.579999923706055,13.245028495788574,223600
2022-08-25,14.5600004196167,14.760000228881836,14.550000190734863,14.729999542236328,13.381293296813965,274800
2022-08-26,14.8100004196167,14.8100004196167,14.430000305175781,14.449999809265137,13.126930236816406,203800
2022-08-29,14.329999923706055,14.329999923706055,14.119999885559082,14.130000114440918,12.836231231689453,280500
2022-08-30,14.170000076293945,14.170000076293945,14.020000457763672,14.109999656677246,12.818061828613281,252500
2022-08-31,13.869999885559082,13.899999618530273,13.369999885559082,13.479999542236328,12.245747566223145,1117500
2022-09-01,13.5,13.539999961853027,13.3100004196167,13.529999732971191,12.291168212890625,737000
2022-09-02,13.770000457763672,13.779999732971191,13.289999961853027,13.380000114440918,12.154901504516602,633100
2022-09-06,13.390000343322754,13.449999809265137,13.020000457763672,13.1899995803833,11.982298851013184,504100
2022-09-07,13.1899995803833,13.300000190734863,13.130000114440918,13.300000190734863,12.082226753234863,446300
2022-09-08,13.199999809265137,13.5,13.100000381469727,13.449999809265137,12.218493461608887,492300
2022-09-09,13.5,13.579999923706055,13.470000267028809,13.550000190734863,12.309337615966797,360400
2022-09-12,13.619999885559082,13.699999809265137,13.550000190734863,13.6899995803833,12.436517715454102,464500
2022-09-13,13.479999542236328,13.529999732971191,13.140000343322754,13.210000038146973,12.000466346740723,414600
2022-09-14,13.1899995803833,13.270000457763672,13.09000015258789,13.260000228881836,12.045889854431152,394000
2022-09-15,13.279999732971191,13.489999771118164,13.220000267028809,13.449999809265137,12.218493461608887,431500
2022-09-16,13.350000381469727,13.65999984741211,13.229999542236328,13.59000015258789,12.345673561096191,1495300
2022-09-19,13.5,13.729999542236328,13.5,13.710000038146973,12.454687118530273,589900
2022-09-20,13.630000114440918,13.75,13.59000015258789,13.6899995803833,12.436517715454102,471100
2022-09-21,13.819999694824219,13.829999923706055,13.5600004196167,13.5600004196167,12.318421363830566,504200
2022-09-22,13.5600004196167,13.609999656677246,13.359999656677246,13.399999618530273,12.173070907592773,283800
2022-09-23,13.260000228881836,13.270000457763672,13.100000381469727,13.260000228881836,12.045889854431152,348700
2022-09-26,13.1899995803833,13.319999694824219,13.109999656677246,13.140000343322754,11.936877250671387,379600
2022-09-27,13.1899995803833,13.279999732971191,12.890000343322754,12.9399995803833,11.75518798828125,350500
2022-09-28,12.949999809265137,13.100000381469727,12.819999694824219,12.960000038146973,11.773359298706055,415600
2022-09-29,13.029999732971191,13.029999732971191,12.779999732971191,12.920000076293945,11.737020492553711,539300
2022-09-30,12.920000076293945,13.140000343322754,12.8100004196167,12.84000015258789,11.664345741271973,579000
2022-10-03,12.960000038146973,13.029999732971191,12.760000228881836,12.989999771118164,11.80061149597168,483100
2022-10-04,13.109999656677246,13.470000267028809,13.109999656677246,13.470000267028809,12.236662864685059,369100
2022-10-05,13.300000190734863,13.420000076293945,13.270000457763672,13.40999984741211,12.182154655456543,324100
2022-10-06,13.420000076293945,13.449999809265137,13.25,13.399999618530273,12.173070907592773,286700
2022-10-07,13.3100004196167,13.369999885559082,13.079999923706055,13.100000381469727,11.90053939819336,485200
2022-10-10,13.180000305175781,13.319999694824219,13.130000114440918,13.199999809265137,11.991384506225586,345600
2022-10-11,13.149999618530273,13.489999771118164,13.149999618530273,13.380000114440918,12.154901504516602,552200
2022-10-12,13.300000190734863,13.479999542236328,13.149999618530273,13.34000015258789,12.11856460571289,320000
2022-10-13,13.229999542236328,13.869999885559082,13.09000015258789,13.819999694824219,12.554614067077637,717100
2022-10-14,13.970000267028809,14.029999732971191,13.739999771118164,13.75,12.4910249710083,403800
2022-10-17,13.930000305175781,14.039999961853027,13.779999732971191,14.0,12.718133926391602,590200
2022-10-18,14.130000114440918,14.130000114440918,13.8100004196167,13.890000343322754,12.618205070495605,520700
2022-10-19,13.75,14.0,13.75,13.920000076293945,12.645459175109863,412900
2022-10-20,13.859999656677246,14.010000228881836,13.40999984741211,13.5,12.263915061950684,374900
2022-10-21,13.609999656677246,13.850000381469727,13.5600004196167,13.800000190734863,12.536446571350098,487900
2022-10-24,13.930000305175781,14.010000228881836,13.850000381469727,13.9399995803833,12.663625717163086,324700
2022-10-25,13.850000381469727,14.199999809265137,13.850000381469727,14.100000381469727,12.808977127075195,523300
2022-10-26,13.899999618530273,14.0,13.699999809265137,13.699999809265137,12.445601463317871,484000
2022-10-27,13.850000381469727,14.0600004196167,13.84000015258789,13.979999542236328,12.699965476989746,503700
2022-10-28,14.100000381469727,14.380000114440918,13.960000038146973,14.369999885559082,13.054255485534668,736500
2022-10-31,14.369999885559082,14.460000038146973,14.1899995803833,14.34000015258789,13.027002334594727,559900
2022-11-01,14.420000076293945,14.479999542236328,14.3100004196167,14.369999885559082,13.054255485534668,381200
2022-11-02,14.369999885559082,14.489999771118164,14.079999923706055,14.199999809265137,12.899822235107422,545100
2022-11-03,13.960000038146973,13.979999542236328,13.760000228881836,13.970000267028809,12.799041748046875,287500
2022-11-04,14.15999984741211,14.390000343322754,14.100000381469727,14.380000114440918,13.174674987792969,412700
2022-11-07,14.5,14.569999694824219,14.34000015258789,14.399999618530273,13.192997932434082,581000
2022-11-08,14.350000381469727,14.449999809265137,14.199999809265137,14.260000228881836,13.064733505249023,499100
2022-11-09,14.210000038146973,14.430000305175781,14.119999885559082,14.34000015258789,13.138028144836426,322300
2022-11-10,14.600000381469727,14.989999771118164,14.579999923706055,14.920000076293945,13.669413566589355,449300
2022-11-11,15.0,15.050000190734863,14.720000267028809,14.75,13.51366138458252,360000
2022-11-14,14.739999771118164,14.84000015258789,14.640000343322754,14.680000305175781,13.449529647827148,344300
2022-11-15,14.779999732971191,14.920000076293945,14.609999656677246,14.770000457763672,13.531987190246582,311900
2022-11-16,14.739999771118164,14.739999771118164,14.479999542236328,14.510000228881836,13.293778419494629,451800
2022-11-17,14.399999618530273,14.470000267028809,14.3100004196167,14.40999984741211,13.202160835266113,304300
2022-11-18,14.640000343322754,14.729999542236328,14.510000228881836,14.510000228881836,13.293778419494629,476400
2022-11-21,14.510000228881836,14.699999809265137,14.510000228881836,14.699999809265137,13.467853546142578,367700
2022-11-22,14.729999542236328,14.829999923706055,14.619999885559082,14.720000267028809,13.486176490783691,337200
2022-11-23,14.65999984741211,14.770000457763672,14.640000343322754,14.649999618530273,13.422043800354004,250600
2022-11-25,14.720000267028809,14.779999732971191,14.630000114440918,14.699999809265137,13.467853546142578,268700
2022-11-28,14.699999809265137,14.699999809265137,14.399999618530273,14.470000267028809,13.25713062286377,272500
2022-11-29,14.4399995803833,14.569999694824219,14.390000343322754,14.529999732971191,13.312101364135742,344900
2022-11-30,14.529999732971191,14.720000267028809,14.199999809265137,14.720000267028809,13.486176490783691,550500
2022-12-01,14.789999961853027,14.789999961853027,14.609999656677246,14.699999809265137,13.467853546142578,282100
2022-12-02,14.579999923706055,14.760000228881836,14.529999732971191,14.720000267028809,13.486176490783691,268600
2022-12-05,14.779999732971191,14.779999732971191,14.210000038146973,14.260000228881836,13.064733505249023,562900
2022-12-06,14.319999694824219,14.380000114440918,14.239999771118164,14.359999656677246,13.156352043151855,378000
2022-12-07,14.359999656677246,14.470000267028809,14.25,14.25,13.055571556091309,410000
2022-12-08,14.300000190734863,14.380000114440918,14.239999771118164,14.300000190734863,13.1013822555542,371600
2022-12-09,14.229999542236328,14.350000381469727,14.220000267028809,14.289999961853027,13.092219352722168,244800
2022-12-12,14.350000381469727,14.460000038146973,14.210000038146973,14.359999656677246,13.156352043151855,468800
2022-12-13,14.529999732971191,14.680000305175781,14.130000114440918,14.25,13.055571556091309,889600
2022-12-14,14.210000038146973,14.25,13.800000190734863,13.8100004196167,12.652453422546387,605300
2022-12-15,13.729999542236328,13.850000381469727,13.510000228881836,13.569999694824219,12.432567596435547,501400
2022-12-16,13.479999542236328,13.630000114440918,13.380000114440918,13.460000038146973,12.331789016723633,1005900
2022-12-19,13.460000038146973,13.640000343322754,13.4399995803833,13.600000381469727,12.460054397583008,296500
2022-12-20,13.670000076293945,13.800000190734863,13.649999618530273,13.65999984741211,12.51502513885498,339500
2022-12-21,13.789999961853027,14.010000228881836,13.760000228881836,13.930000305175781,12.762393951416016,428900
2022-12-22,13.899999618530273,13.899999618530273,13.59000015258789,13.8100004196167,12.652453422546387,300400
2022-12-23,13.84000015258789,13.970000267028809,13.8100004196167,13.890000343322754,12.725746154785156,227100
2022-12-27,13.930000305175781,14.050000190734863,13.850000381469727,13.989999771118164,12.817366600036621,245700
2022-12-28,14.050000190734863,14.069999694824219,13.789999961853027,13.789999961853027,12.634127616882324,250100
2022-12-29,13.859999656677246,14.069999694824219,13.84000015258789,14.010000228881836,12.835688591003418,428300
2022-12-30,13.979999542236328,14.0600004196167,13.920000076293945,13.970000267028809,12.799041748046875,293200
2023-01-03,14.029999732971191,14.079999923706055,13.869999885559082,14.0600004196167,12.881497383117676,514800
2023-01-04,14.1899995803833,14.25,13.930000305175781,14.010000228881836,12.835688591003418,499500
2023-01-05,13.970000267028809,13.970000267028809,13.739999771118164,13.850000381469727,12.689101219177246,278300
2023-01-06,14.0,14.220000267028809,13.930000305175781,14.220000267028809,13.028087615966797,256100
2023-01-09,14.210000038146973,14.350000381469727,13.989999771118164,14.039999961853027,12.863174438476562,525800
2023-01-10,14.079999923706055,14.239999771118164,13.949999809265137,14.119999885559082,12.936468124389648,370600
2023-01-11,14.170000076293945,14.229999542236328,14.039999961853027,14.15999984741211,12.973114967346191,341100
2023-01-12,14.229999542236328,14.4399995803833,14.15999984741211,14.380000114440918,13.174674987792969,300400
2023-01-13,14.270000457763672,14.489999771118164,14.130000114440918,14.449999809265137,13.238808631896973,237500
2023-01-17,14.449999809265137,14.470000267028809,14.25,14.289999961853027,13.092219352722168,288900
2023-01-18,14.25,14.25,13.819999694824219,13.890000343322754,12.725746154785156,372200
2023-01-19,13.859999656677246,13.859999656677246,13.65999984741211,13.699999809265137,12.55167293548584,390300
2023-01-20,13.760000228881836,13.899999618530273,13.670000076293945,13.890000343322754,12.725746154785156,504300
2023-01-23,13.859999656677246,14.130000114440918,13.859999656677246,14.0600004196167,12.881497383117676,498100
2023-01-24,14.029999732971191,14.029999732971191,13.869999885559082,13.899999618530273,12.734908103942871,313500
2023-01-25,13.760000228881836,13.8100004196167,12.8100004196167,12.90999984741211,11.827890396118164,765400
2023-01-26,13.170000076293945,13.630000114440918,13.09000015258789,13.619999885559082,12.478379249572754,963500
2023-01-27,13.739999771118164,14.180000305175781,13.649999618530273,14.079999923706055,12.899821281433105,713000
2023-01-30,14.0600004196167,14.09000015258789,13.949999809265137,13.970000267028809,12.799041748046875,476200
2023-01-31,14.399999618530273,14.729999542236328,14.170000076293945,14.710000038146973,13.477014541625977,788700
2023-02-01,14.579999923706055,15.020000457763672,14.579999923706055,14.800000190734863,13.559471130371094,807000
2023-02-02,14.720000267028809,15.15999984741211,14.6899995803833,15.140000343322754,13.984357833862305,667100
2023-02-03,15.100000381469727,15.789999961853027,15.100000381469727,15.75,14.547797203063965,922400
2023-02-06,15.699999809265137,15.899999618530273,15.600000381469727,15.760000228881836,14.55703353881836,649800
2023-02-07,15.649999618530273,16.1200008392334,15.579999923706055,16.06999969482422,14.843371391296387,919500
2023-02-08,15.979999542236328,16.190000534057617,15.899999618530273,16.010000228881836,14.787951469421387,690900
2023-02-09,16.010000228881836,16.149999618530273,15.75,15.789999961853027,14.584744453430176,459700
2023-02-10,15.75,16.110000610351562,15.630000114440918,16.059999465942383,14.834136009216309,667300
2023-02-13,16.079999923706055,16.110000610351562,15.9399995803833,16.040000915527344,14.815662384033203,649700
2023-02-14,16.0,16.1200008392334,15.770000457763672,15.90999984741211,14.69558334350586,364200
2023-02-15,15.819999694824219,16.399999618530273,15.739999771118164,16.3700008392334,15.120474815368652,973000
2023-02-16,16.190000534057617,16.389999389648438,16.100000381469727,16.290000915527344,15.046582221984863,1080700
2023-02-17,16.34000015258789,16.530000686645508,16.239999771118164,16.43000030517578,15.17589282989502,921200
2023-02-21,16.040000915527344,16.3799991607666,16.020000457763672,16.290000915527344,15.046582221984863,1049800
2023-02-22,16.34000015258789,16.389999389648438,15.819999694824219,15.90999984741211,14.69558334350586,817000
2023-02-23,16.0,16.110000610351562,15.8100004196167,15.899999618530273,14.686347007751465,751200
2023-02-24,15.770000457763672,15.949999809265137,15.640000343322754,15.779999732971191,14.575507164001465,795200
2023-02-27,15.829999923706055,16.059999465942383,15.75,15.899999618530273,14.686347007751465,718000
2023-02-28,15.930000305175781,16.079999923706055,15.890000343322754,16.010000228881836,14.787951469421387,647700
2023-03-01,15.920000076293945,15.970000267028809,15.75,15.9399995803833,14.723294258117676,623200
2023-03-02,15.829999923706055,15.960000038146973,15.739999771118164,15.779999732971191,14.575507164001465,761000
2023-03-03,15.8100004196167,15.960000038146973,15.6899995803833,15.9399995803833,14.723294258117676,638300
2023-03-06,15.850000381469727,15.890000343322754,15.020000457763672,15.15999984741211,14.00283145904541,1405400
2023-03-07,15.140000343322754,15.1899995803833,14.65999984741211,14.699999809265137,13.5779447555542,834700
2023-03-08,14.739999771118164,14.880000114440918,14.630000114440918,14.819999694824219,13.688783645629883,582100
2023-03-09,14.699999809265137,14.699999809265137,13.920000076293945,13.960000038146973,12.894428253173828,1194700
2023-03-10,13.680000305175781,13.989999771118164,13.199999809265137,13.529999732971191,12.4972505569458,1693000
2023-03-13,12.890000343322754,13.550000190734863,12.210000038146973,12.9399995803833,11.952284812927246,2013400
2023-03-14,14.09000015258789,14.6899995803833,12.970000267028809,13.119999885559082,12.118546485900879,1582500
2023-03-15,12.649999618530273,13.149999618530273,12.529999732971191,12.989999771118164,11.998467445373535,1702000
2023-03-16,12.920000076293945,13.770000457763672,12.760000228881836,13.399999618530273,12.377171516418457,1364300
2023-03-17,13.050000190734863,13.279999732971191,12.579999923706055,12.670000076293945,11.702895164489746,3808400
2023-03-20,12.890000343322754,13.199999809265137,12.609999656677246,12.65999984741211,11.693655967712402,1206500
2023-03-21,13.220000267028809,13.470000267028809,13.119999885559082,13.329999923706055,12.312516212463379,1215300
2023-03-22,13.25,13.449999809265137,12.680000305175781,12.710000038146973,11.739842414855957,942700
2023-03-23,12.819999694824219,12.829999923706055,12.380000114440918,12.510000228881836,11.555109024047852,1036600
2023-03-24,12.270000457763672,12.84000015258789,12.220000267028809,12.789999961853027,11.813735961914062,897700
2023-03-27,13.010000228881836,13.149999618530273,12.59000015258789,12.699999809265137,11.730606079101562,772700
2023-03-28,12.569999694824219,12.710000038146973,12.40999984741211,12.579999923706055,11.61976432800293,745400
2023-03-29,12.670000076293945,12.670000076293945,12.289999961853027,12.510000228881836,11.555109024047852,702800
2023-03-30,12.649999618530273,12.649999618530273,12.149999618530273,12.359999656677246,11.416556358337402,779400
2023-03-31,12.5,12.5,12.229999542236328,12.430000305175781,11.48121452331543,707000
2023-04-03,12.430000305175781,12.520000457763672,12.1899995803833,12.260000228881836,11.324189186096191,693300
2023-04-04,12.350000381469727,12.350000381469727,11.640000343322754,11.789999961853027,10.890064239501953,778700
2023-04-05,11.649999618530273,11.800000190734863,11.569999694824219,11.720000267028809,10.825408935546875,701900
2023-04-06,11.680000305175781,11.829999923706055,11.65999984741211,11.800000190734863,10.899303436279297,501100
2023-04-10,11.789999961853027,12.0600004196167,11.720000267028809,11.90999984741211,11.000904083251953,511700
2023-04-11,12.010000228881836,12.050000190734863,11.850000381469727,11.960000038146973,11.047090530395508,594200
2023-04-12,12.079999923706055,12.149999618530273,11.729999542236328,11.770000457763672,10.871593475341797,570300
2023-04-13,11.789999961853027,12.0600004196167,11.6899995803833,11.979999542236328,11.06556224822998,561100
2023-04-14,12.149999618530273,12.25,11.710000038146973,11.779999732971191,10.880827903747559,608700
2023-04-17,11.739999771118164,12.050000190734863,11.59000015258789,12.039999961853027,11.120984077453613,818300
2023-04-18,12.0,12.029999732971191,11.579999923706055,11.6899995803833,10.797698020935059,679900
2023-04-19,11.699999809265137,12.09000015258789,11.670000076293945,11.960000038146973,11.047090530395508,551600
2023-04-20,11.850000381469727,11.989999771118164,11.800000190734863,11.989999771118164,11.074800491333008,649100
2023-04-21,11.970000267028809,11.970000267028809,11.699999809265137,11.850000381469727,10.94548511505127,588800
2023-04-24,11.760000228881836,12.020000457763672,11.760000228881836,11.859999656677246,10.954721450805664,468800
2023-04-25,11.640000343322754,12.069999694824219,11.569999694824219,11.899999618530273,10.991667747497559,804500
2023-04-26,11.710000038146973,12.260000228881836,11.710000038146973,12.15999984741211,11.231822967529297,731300
2023-04-27,12.100000381469727,12.449999809265137,12.100000381469727,12.449999809265137,11.499687194824219,700200
2023-04-28,12.380000114440918,12.640000343322754,12.34000015258789,12.479999542236328,11.527396202087402,760500
2023-05-01,12.40999984741211,12.510000228881836,12.239999771118164,12.3100004196167,11.370375633239746,568100
2023-05-02,12.260000228881836,12.260000228881836,11.520000457763672,11.819999694824219,10.917774200439453,813900
2023-05-03,11.859999656677246,12.479999542236328,11.859999656677246,12.0600004196167,11.139456748962402,1024700
2023-05-04,11.619999885559082,11.920000076293945,11.329999923706055,11.75,10.966787338256836,1072300
2023-05-05,12.130000114440918,12.34000015258789,11.970000267028809,12.260000228881836,11.442792892456055,885600
2023-05-08,12.399999618530273,12.399999618530273,11.880000114440918,11.920000076293945,11.125456809997559,604500
2023-05-09,11.859999656677246,12.0,11.729999542236328,11.8100004196167,11.022789001464844,608500
2023-05-10,11.949999809265137,11.989999771118164,11.630000114440918,11.739999771118164,10.957454681396484,463100
2023-05-11,11.529999732971191,11.6899995803833,11.449999809265137,11.460000038146973,10.696117401123047,582300
2023-05-12,11.5600004196167,11.710000038146973,11.430000305175781,11.699999809265137,10.920120239257812,488100
2023-05-15,11.699999809265137,12.020000457763672,11.65999984741211,11.930000305175781,11.13478946685791,478400
2023-05-16,11.899999618530273,12.079999923706055,11.850000381469727,11.850000381469727,11.060121536254883,579400
2023-05-17,12.079999923706055,12.619999885559082,12.029999732971191,12.569999694824219,11.732128143310547,808600
2023-05-18,12.479999542236328,12.779999732971191,12.430000305175781,12.720000267028809,11.872132301330566,536600
2023-05-19,13.170000076293945,13.220000267028809,12.5600004196167,12.739999771118164,11.89079761505127,1063200
2023-05-22,12.779999732971191,13.079999923706055,12.680000305175781,13.050000190734863,12.180134773254395,753500
2023-05-23,13.029999732971191,13.4399995803833,12.979999542236328,12.979999542236328,12.114798545837402,693000
2023-05-24,12.90999984741211,13.020000457763672,12.800000190734863,12.960000038146973,12.096135139465332,591300
2023-05-25,12.859999656677246,12.989999771118164,12.75,12.880000114440918,12.021466255187988,521600
2023-05-26,12.880000114440918,13.100000381469727,12.75,13.039999961853027,12.170801162719727,567200
2023-05-30,13.0600004196167,13.170000076293945,12.829999923706055,13.0600004196167,12.18946647644043,561600
2023-05-31,12.960000038146973,12.989999771118164,12.600000381469727,12.649999618530273,11.806795120239258,722900
2023-06-01,12.760000228881836,13.050000190734863,12.619999885559082,12.899999618530273,12.040131568908691,575300
2023-06-02,13.0600004196167,13.65999984741211,13.029999732971191,13.59000015258789,12.684141159057617,751800
2023-06-05,13.510000228881836,13.600000381469727,13.050000190734863,13.25,12.366802215576172,556500
2023-06-06,13.279999732971191,14.0600004196167,13.260000228881836,13.90999984741211,12.982810020446777,629800
2023-06-07,14.170000076293945,14.65999984741211,14.010000228881836,14.479999542236328,13.514815330505371,742700
2023-06-08,14.420000076293945,14.479999542236328,14.100000381469727,14.40999984741211,13.449480056762695,576800
2023-06-09,14.430000305175781,14.4399995803833,14.09000015258789,14.1899995803833,13.244145393371582,378500
2023-06-12,14.1899995803833,14.399999618530273,13.869999885559082,13.869999885559082,12.945477485656738,676900
2023-06-13,14.010000228881836,14.300000190734863,13.880000114440918,14.170000076293945,13.225481033325195,580800
2023-06-14,14.130000114440918,14.25,13.779999732971191,13.8100004196167,12.88947582244873,777000
2023-06-15,13.739999771118164,14.069999694824219,13.739999771118164,14.020000457763672,13.085478782653809,584000
2023-06-16,14.149999618530273,14.149999618530273,13.699999809265137,13.890000343322754,12.964143753051758,1689400
2023-06-20,13.890000343322754,13.890000343322754,13.550000190734863,13.59000015258789,12.684141159057617,406300
2023-06-21,13.569999694824219,13.600000381469727,13.369999885559082,13.369999885559082,12.478804588317871,420800
2023-06-22,13.380000114440918,13.380000114440918,12.9399995803833,13.029999732971191,12.161467552185059,627800
2023-06-23,12.890000343322754,13.079999923706055,12.649999618530273,12.6899995803833,11.84412956237793,1435800
2023-06-26,12.760000228881836,13.039999961853027,12.760000228881836,12.8100004196167,11.956132888793945,470500
2023-06-27,12.829999923706055,13.109999656677246,12.760000228881836,12.979999542236328,12.114798545837402,363400
2023-06-28,12.930000305175781,12.9399995803833,12.699999809265137,12.920000076293945,12.058798789978027,398800
2023-06-29,13.039999961853027,13.260000228881836,12.960000038146973,13.010000228881836,12.14279842376709,417800
2023-06-30,13.079999923706055,13.079999923706055,12.640000343322754,12.649999618530273,11.806795120239258,429400
2023-07-03,12.600000381469727,12.920000076293945,12.600000381469727,12.920000076293945,12.058798789978027,230900
2023-07-05,12.770000457763672,12.949999809265137,12.65999984741211,12.819999694824219,11.965466499328613,482500
2023-07-06,12.609999656677246,12.619999885559082,12.3100004196167,12.479999542236328,11.648128509521484,677800
2023-07-07,12.510000228881836,12.699999809265137,12.430000305175781,12.630000114440918,11.788131713867188,517400
2023-07-10,12.569999694824219,12.899999618530273,12.550000190734863,12.710000038146973,11.862798690795898,470700
2023-07-11,12.789999961853027,12.819999694824219,12.609999656677246,12.710000038146973,11.862798690795898,322800
2023-07-12,12.979999542236328,13.149999618530273,12.869999885559082,13.079999923706055,12.208135604858398,662100
2023-07-13,13.180000305175781,13.380000114440918,13.09000015258789,13.260000228881836,12.376136779785156,551200
2023-07-14,13.390000343322754,13.390000343322754,12.949999809265137,13.149999618530273,12.273468971252441,449900
2023-07-17,13.079999923706055,13.510000228881836,13.069999694824219,13.369999885559082,12.478804588317871,382400
2023-07-18,13.40999984741211,13.779999732971191,13.329999923706055,13.760000228881836,12.842808723449707,572400
2023-07-19,13.789999961853027,14.079999923706055,13.65999984741211,14.020000457763672,13.085478782653809,496300
2023-07-20,14.039999961853027,14.069999694824219,13.680000305175781,13.970000267028809,13.038810729980469,651600
2023-07-21,14.079999923706055,14.079999923706055,13.770000457763672,13.869999885559082,12.945477485656738,479900
2023-07-24,13.84000015258789,14.270000457763672,13.84000015258789,14.149999618530273,13.206811904907227,540700
2023-07-25,14.09000015258789,14.170000076293945,13.8100004196167,13.829999923706055,12.908143043518066,780600
2023-07-26,14.5,14.800000190734863,14.069999694824219,14.430000305175781,13.468149185180664,890600
2023-07-27,14.720000267028809,14.800000190734863,14.470000267028809,14.539999961853027,13.570816993713379,679700
2023-07-28,14.670000076293945,14.8100004196167,14.449999809265137,14.510000228881836,13.542816162109375,431000
2023-07-31,14.520000457763672,14.59000015258789,14.3100004196167,14.4399995803833,13.477482795715332,546200
2023-08-01,14.4399995803833,14.4399995803833,14.0600004196167,14.34000015258789,13.384147644042969,526300
2023-08-02,14.199999809265137,14.350000381469727,14.149999618530273,14.210000038146973,13.262813568115234,436900
2023-08-03,14.109999656677246,14.300000190734863,13.979999542236328,14.220000267028809,13.389932632446289,338900
2023-08-04,14.289999961853027,14.369999885559082,14.119999885559082,14.119999885559082,13.295770645141602,410000
2023-08-07,14.15999984741211,14.300000190734863,14.09000015258789,14.25,13.418181419372559,357700
2023-08-08,13.920000076293945,14.180000305175781,13.670000076293945,14.130000114440918,13.30518627166748,333300
2023-08-09,14.0600004196167,14.140000343322754,13.90999984741211,14.069999694824219,13.248687744140625,297500
2023-08-10,14.15999984741211,14.239999771118164,13.880000114440918,13.920000076293945,13.10744571685791,294900
2023-08-11,13.869999885559082,13.989999771118164,13.869999885559082,13.930000305175781,13.116860389709473,268000
2023-08-14,13.84000015258789,13.869999885559082,13.640000343322754,13.739999771118164,12.937950134277344,311300
2023-08-15,13.5600004196167,13.609999656677246,13.260000228881836,13.270000457763672,12.49538803100586,409500
2023-08-16,13.3100004196167,13.390000343322754,13.170000076293945,13.239999771118164,12.46713924407959,416200
2023-08-17,13.3100004196167,13.40999984741211,13.239999771118164,13.319999694824219,12.54246711730957,329500
2023-08-18,13.239999771118164,13.5600004196167,13.220000267028809,13.4399995803833,12.655464172363281,631900
2023-08-21,13.510000228881836,13.529999732971191,13.119999885559082,13.210000038146973,12.438889503479004,315100
2023-08-22,13.229999542236328,13.319999694824219,12.930000305175781,12.970000267028809,12.212898254394531,501300
2023-08-23,12.970000267028809,13.079999923706055,12.869999885559082,12.930000305175781,12.175233840942383,320300
2023-08-24,12.880000114440918,13.1899995803833,12.880000114440918,13.050000190734863,12.288228034973145,368400
2023-08-25,13.09000015258789,13.170000076293945,12.800000190734863,12.930000305175781,12.175233840942383,269100
2023-08-28,13.010000228881836,13.210000038146973,13.010000228881836,13.09000015258789,12.325894355773926,283200
2023-08-29,13.069999694824219,13.289999961853027,12.960000038146973,13.220000267028809,12.448307037353516,312600
2023-08-30,13.1899995803833,13.239999771118164,13.0600004196167,13.119999885559082,12.354143142700195,222100
2023-08-31,13.09000015258789,13.220000267028809,13.020000457763672,13.069999694824219,12.307063102722168,368700
2023-09-01,13.1899995803833,13.350000381469727,13.1899995803833,13.300000190734863,12.523636817932129,444700
2023-09-05,13.170000076293945,13.170000076293945,12.699999809265137,12.710000038146973,11.968076705932617,506100
2023-09-06,12.75,12.899999618530273,12.539999961853027,12.569999694824219,11.836248397827148,387800
2023-09-07,12.529999732971191,12.600000381469727,12.430000305175781,12.489999771118164,11.760918617248535,388400
2023-09-08,12.5,12.59000015258789,12.369999885559082,12.520000457763672,11.789166450500488,324100
2023-09-11,12.600000381469727,12.670000076293945,12.390000343322754,12.390000343322754,11.666756629943848,340900
2023-09-12,12.4399995803833,12.5600004196167,12.399999618530273,12.529999732971191,11.798583984375,389800
2023-09-13,12.520000457763672,12.609999656677246,12.3100004196167,12.40999984741211,11.685588836669922,474500
2023-09-14,12.59000015258789,12.800000190734863,12.510000228881836,12.789999961853027,12.043407440185547,581000
2023-09-15,12.65999984741211,12.760000228881836,12.489999771118164,12.5600004196167,11.82683277130127,2191700
2023-09-18,12.59000015258789,12.59000015258789,12.300000190734863,12.319999694824219,11.600841522216797,434600
2023-09-19,12.359999656677246,12.489999771118164,12.25,12.270000457763672,11.55376148223877,409500
2023-09-20,12.350000381469727,12.59000015258789,12.130000114440918,12.140000343322754,11.43134880065918,391200
2023-09-21,12.069999694824219,12.220000267028809,11.949999809265137,12.039999961853027,11.337187767028809,445000
2023-09-22,12.039999961853027,12.149999618530273,11.859999656677246,11.9399995803833,11.243021965026855,339500
2023-09-25,11.829999923706055,12.079999923706055,11.75,12.069999694824219,11.365435600280762,417600
2023-09-26,11.930000305175781,12.199999809265137,11.930000305175781,11.949999809265137,11.252439498901367,517200
2023-09-27,12.0600004196167,12.15999984741211,11.960000038146973,12.0,11.299521446228027,415700
2023-09-28,12.050000190734863,12.270000457763672,12.050000190734863,12.170000076293945,11.45959758758545,521000
2023-09-29,12.25,12.380000114440918,12.149999618530273,12.210000038146973,11.497262954711914,596400
2023-10-02,12.199999809265137,12.210000038146973,12.050000190734863,12.140000343322754,11.43134880065918,511300
2023-10-03,12.029999732971191,12.149999618530273,11.9399995803833,12.069999694824219,11.365435600280762,578700
2023-10-04,12.050000190734863,12.229999542236328,11.989999771118164,12.15999984741211,11.45018196105957,458000
2023-10-05,12.140000343322754,12.4399995803833,12.140000343322754,12.430000305175781,11.704421043395996,777900
2023-10-06,12.25,12.569999694824219,12.180000305175781,12.40999984741211,11.685588836669922,661900
2023-10-09,12.289999961853027,12.479999542236328,12.289999961853027,12.350000381469727,11.629091262817383,519100
2023-10-10,12.430000305175781,12.539999961853027,12.380000114440918,12.460000038146973,11.73266887664795,493300
2023-10-11,12.479999542236328,12.65999984741211,12.380000114440918,12.460000038146973,11.73266887664795,401800
2023-10-12,12.449999809265137,12.449999809265137,12.260000228881836,12.399999618530273,11.676172256469727,316400
2023-10-13,12.510000228881836,12.609999656677246,12.130000114440918,12.180000305175781,11.469013214111328,423000
2023-10-16,12.3100004196167,12.550000190734863,12.3100004196167,12.520000457763672,11.789166450500488,589400
2023-10-17,12.430000305175781,12.899999618530273,12.430000305175781,12.770000457763672,12.024575233459473,678000
2023-10-18,12.649999618530273,12.739999771118164,12.510000228881836,12.630000114440918,11.892745971679688,443700
2023-10-19,12.569999694824219,12.920000076293945,12.510000228881836,12.510000228881836,11.779751777648926,890600
2023-10-20,12.5600004196167,12.5600004196167,12.130000114440918,12.149999618530273,11.440764427185059,844800
2023-10-23,12.0600004196167,12.329999923706055,12.0600004196167,12.0600004196167,11.356019020080566,911900
2023-10-24,12.079999923706055,12.199999809265137,11.819999694824219,11.890000343322754,11.195941925048828,560700
2023-10-25,11.630000114440918,11.699999809265137,11.15999984741211,11.550000190734863,10.875788688659668,753400
2023-10-26,11.630000114440918,12.180000305175781,11.619999885559082,12.079999923706055,11.374852180480957,657300
2023-10-27,12.050000190734863,12.100000381469727,11.779999732971191,11.989999771118164,11.290105819702148,540900
2023-10-30,12.15999984741211,12.229999542236328,11.989999771118164,12.1899995803833,11.478429794311523,523800
2023-10-31,12.170000076293945,12.25,12.069999694824219,12.180000305175781,11.469013214111328,505100
2023-11-01,12.109999656677246,12.289999961853027,12.050000190734863,12.25,11.534928321838379,430900
2023-11-02,12.319999694824219,12.609999656677246,12.239999771118164,12.579999923706055,11.967784881591797,461200
2023-11-03,12.960000038146973,13.300000190734863,12.899999618530273,13.239999771118164,12.59566593170166,652200
2023-11-06,13.199999809265137,13.359999656677246,13.050000190734863,13.069999694824219,12.433938980102539,480200
2023-11-07,12.979999542236328,13.029999732971191,12.8100004196167,12.890000343322754,12.262699127197266,459200
2023-11-08,12.9399995803833,12.9399995803833,12.600000381469727,12.640000343322754,12.02486515045166,439400
2023-11-09,12.619999885559082,12.680000305175781,12.380000114440918,12.470000267028809,11.863138198852539,352900
2023-11-10,12.5,12.539999961853027,12.329999923706055,12.40999984741211,11.806058883666992,377200
2023-11-13,12.319999694824219,12.640000343322754,12.300000190734863,12.579999923706055,11.967784881591797,417700
2023-11-14,13.029999732971191,13.529999732971191,13.010000228881836,13.390000343322754,12.73836612701416,688300
2023-11-15,13.350000381469727,13.569999694824219,13.319999694824219,13.380000114440918,12.728852272033691,470800
2023-11-16,13.369999885559082,13.390000343322754,13.029999732971191,13.1899995803833,12.54809856414795,403700
2023-11-17,13.350000381469727,13.579999923706055,13.319999694824219,13.34000015258789,12.690797805786133,949100
2023-11-20,13.3100004196167,13.350000381469727,13.1899995803833,13.3100004196167,12.662260055541992,311800
2023-11-21,13.289999961853027,13.34000015258789,13.170000076293945,13.199999809265137,12.557611465454102,411400
2023-11-22,13.369999885559082,13.380000114440918,13.229999542236328,13.319999694824219,12.671772003173828,414500
2023-11-24,13.369999885559082,13.369999885559082,13.180000305175781,13.220000267028809,12.576639175415039,200800
2023-11-27,13.130000114440918,13.210000038146973,13.050000190734863,13.199999809265137,12.557611465454102,284200
2023-11-28,13.210000038146973,13.210000038146973,13.010000228881836,13.199999809265137,12.557611465454102,437700
2023-11-29,13.25,13.579999923706055,13.25,13.430000305175781,12.776420593261719,766400
2023-11-30,13.489999771118164,13.5600004196167,13.300000190734863,13.369999885559082,12.719337463378906,503000
2023-12-01,13.270000457763672,14.050000190734863,13.210000038146973,14.0,13.318679809570312,478200
2023-12-04,13.8100004196167,14.289999961853027,13.8100004196167,14.210000038146973,13.518458366394043,465600
2023-12-05,14.149999618530273,14.25,14.050000190734863,14.069999694824219,13.385272026062012,326800
2023-12-06,14.199999809265137,14.510000228881836,14.050000190734863,14.09000015258789,13.40429973602295,404500
2023-12-07,14.170000076293945,14.359999656677246,14.029999732971191,14.34000015258789,13.642133712768555,360200
2023-12-08,14.319999694824219,14.600000381469727,14.319999694824219,14.59000015258789,13.87996768951416,423700
2023-12-11,14.5,14.649999618530273,14.369999885559082,14.479999542236328,13.775320053100586,369800
2023-12-12,14.4399995803833,14.4399995803833,14.199999809265137,14.210000038146973,13.518458366394043,415100
2023-12-13,14.270000457763672,15.020000457763672,14.170000076293945,14.989999771118164,14.26050090789795,1081000
2023-12-14,15.399999618530273,15.699999809265137,15.199999809265137,15.40999984741211,14.66006088256836,679900
2023-12-15,15.380000114440918,15.520000457763672,15.100000381469727,15.220000267028809,14.4793062210083,1387400
2023-12-18,15.300000190734863,15.329999923706055,15.029999732971191,15.050000190734863,14.317581176757812,502000
2023-12-19,15.119999885559082,15.399999618530273,15.010000228881836,15.300000190734863,14.555414199829102,500200
2023-12-20,15.3100004196167,15.699999809265137,15.140000343322754,15.149999618530273,14.412713050842285,606200
2023-12-21,15.289999961853027,15.380000114440918,15.15999984741211,15.369999885559082,14.6220064163208,481500
2023-12-22,15.449999809265137,15.640000343322754,15.4399995803833,15.470000267028809,14.717142105102539,354600
2023-12-26,15.5,15.850000381469727,15.449999809265137,15.800000190734863,15.031081199645996,331100
2023-12-27,15.850000381469727,15.899999618530273,15.710000038146973,15.8100004196167,15.040594100952148,323400
2023-12-28,15.789999961853027,15.869999885559082,15.670000076293945,15.75,14.983515739440918,292100
2023-12-29,15.699999809265137,15.720000267028809,15.420000076293945,15.4399995803833,14.688600540161133,362600
2024-01-02,15.270000457763672,15.75,15.270000457763672,15.5600004196167,14.80276107788086,426500
2024-01-03,15.489999771118164,15.489999771118164,14.899999618530273,14.920000076293945,14.193907737731934,582500
2024-01-04,15.0,15.100000381469727,14.880000114440918,14.880000114440918,14.155854225158691,442700
2024-01-05,14.779999732971191,15.039999961853027,14.770000457763672,14.829999923706055,14.10828685760498,672700
2024-01-08,14.789999961853027,14.880000114440918,14.65999984741211,14.84000015258789,14.11780071258545,359700
2024-01-09,14.649999618530273,14.65999984741211,14.479999542236328,14.649999618530273,13.93704605102539,355400
2024-01-10,14.600000381469727,14.6899995803833,14.479999542236328,14.680000305175781,13.96558666229248,300100
2024-01-11,14.550000190734863,14.640000343322754,14.260000228881836,14.569999694824219,13.860939979553223,461400
2024-01-12,14.739999771118164,14.75,14.289999961853027,14.430000305175781,13.727753639221191,278800
2024-01-16,14.220000267028809,14.390000343322754,14.170000076293945,14.25,13.556513786315918,378900
2024-01-17,13.970000267028809,14.260000228881836,13.970000267028809,14.239999771118164,13.54699993133545,441500
2024-01-18,14.329999923706055,14.399999618530273,14.100000381469727,14.1899995803833,13.499433517456055,332600
2024-01-19,14.279999732971191,14.510000228881836,14.109999656677246,14.5,13.79434585571289,512800
2024-01-22,14.600000381469727,15.020000457763672,14.600000381469727,15.010000228881836,14.279526710510254,594900
2024-01-23,15.100000381469727,15.100000381469727,14.6899995803833,14.6899995803833,13.975099563598633,466100
2024-01-24,14.819999694824219,14.989999771118164,14.6899995803833,14.760000228881836,14.041693687438965,412600
2024-01-25,14.930000305175781,15.029999732971191,14.5,14.670000076293945,13.956073760986328,419600
2024-01-26,14.789999961853027,14.869999885559082,14.6899995803833,14.779999732971191,14.06071949005127,571100
2024-01-29,14.800000190734863,15.069999694824219,14.770000457763672,15.050000190734863,14.317581176757812,458500
2024-01-30,14.899999618530273,15.039999961853027,14.829999923706055,14.9399995803833,14.212932586669922,336500
2024-01-31,14.829999923706055,15.039999961853027,13.960000038146973,14.010000228881836,13.328192710876465,723800
2024-02-01,13.989999771118164,14.0600004196167,13.260000228881836,13.619999885559082,12.957171440124512,932300
2024-02-02,13.329999923706055,13.729999542236328,13.270000457763672,13.539999961853027,12.881065368652344,583800
2024-02-05,13.380000114440918,13.449999809265137,13.119999885559082,13.220000267028809,12.576639175415039,903800
2024-02-06,13.170000076293945,13.380000114440918,13.119999885559082,13.289999961853027,12.643232345581055,772500
2024-02-07,13.3100004196167,13.3100004196167,12.9399995803833,13.1899995803833,12.54809856414795,544400
2024-02-08,13.029999732971191,13.149999618530273,12.979999542236328,13.149999618530273,12.62973690032959,382400
2024-02-09,13.15999984741211,13.390000343322754,12.989999771118164,13.350000381469727,12.821823120117188,402900
2024-02-12,13.34000015258789,13.800000190734863,13.34000015258789,13.609999656677246,13.071537017822266,558500
2024-02-13,13.130000114440918,13.34000015258789,12.890000343322754,13.140000343322754,12.620132446289062,968400
2024-02-14,13.300000190734863,13.390000343322754,13.010000228881836,13.270000457763672,12.744989395141602,503000
2024-02-15,13.350000381469727,13.819999694824219,13.239999771118164,13.739999771118164,13.196393013000488,519700
2024-02-16,13.5600004196167,13.699999809265137,13.479999542236328,13.529999732971191,12.994701385498047,502400
2024-02-20,13.359999656677246,13.579999923706055,13.359999656677246,13.40999984741211,12.879448890686035,364100
2024-02-21,13.329999923706055,13.369999885559082,13.229999542236328,13.25,12.72577953338623,513400
2024-02-22,13.1899995803833,13.239999771118164,13.010000228881836,13.170000076293945,12.648945808410645,500400
2024-02-23,13.180000305175781,13.380000114440918,13.050000190734863,13.210000038146973,12.687361717224121,390400
2024-02-26,13.09000015258789,13.270000457763672,12.960000038146973,13.0,12.485671043395996,536200
2024-02-27,13.109999656677246,13.1899995803833,12.989999771118164,13.050000190734863,12.533692359924316,427000
2024-02-28,12.899999618530273,12.979999542236328,12.84000015258789,12.84000015258789,12.332001686096191,420100
2024-02-29,13.069999694824219,13.1899995803833,12.90999984741211,13.029999732971191,12.514484405517578,501700
2024-03-01,12.9399995803833,13.050000190734863,12.75,13.029999732971191,12.514484405517578,452600
2024-03-04,13.140000343322754,13.369999885559082,13.119999885559082,13.1899995803833,12.668153762817383,604000
2024-03-05,13.140000343322754,13.680000305175781,13.140000343322754,13.609999656677246,13.071537017822266,627300
2024-03-06,13.59000015258789,13.789999961853027,13.229999542236328,13.529999732971191,12.994701385498047,641800
2024-03-07,13.739999771118164,13.800000190734863,13.5,13.569999694824219,13.033119201660156,417000
2024-03-08,13.699999809265137,13.739999771118164,13.470000267028809,13.470000267028809,12.937076568603516,422500
2024-03-11,13.4399995803833,13.630000114440918,13.399999618530273,13.539999961853027,13.004305839538574,331700
2024-03-12,13.470000267028809,13.529999732971191,13.3100004196167,13.3100004196167,12.783407211303711,359600
2024-03-13,13.3100004196167,13.520000457763672,13.239999771118164,13.3100004196167,12.783407211303711,408000
2024-03-14,13.180000305175781,13.270000457763672,12.869999885559082,12.970000267028809,12.456857681274414,470600
2024-03-15,12.960000038146973,13.279999732971191,12.960000038146973,13.15999984741211,12.639341354370117,1808400
2024-03-18,13.1899995803833,13.199999809265137,12.970000267028809,13.020000457763672,12.50487995147705,451700
2024-03-19,12.979999542236328,13.140000343322754,12.979999542236328,13.010000228881836,12.495274543762207,320000
2024-03-20,12.9399995803833,13.569999694824219,12.9399995803833,13.4399995803833,12.908263206481934,461800
2024-03-21,13.5,13.710000038146973,13.489999771118164,13.680000305175781,13.13876724243164,567700
2024-03-22,13.699999809265137,13.779999732971191,13.4399995803833,13.5,12.965888977050781,425300
2024-03-25,13.510000228881836,13.680000305175781,13.5,13.520000457763672,12.985098838806152,302200
2024-03-26,13.609999656677246,13.619999885559082,13.319999694824219,13.329999923706055,12.802614212036133,316400
2024-03-27,13.40999984741211,13.8100004196167,13.329999923706055,13.800000190734863,13.254020690917969,355000
2024-03-28,13.800000190734863,13.970000267028809,13.699999809265137,13.920000076293945,13.369272232055664,705100
2024-04-01,13.970000267028809,13.970000267028809,13.59000015258789,13.640000343322754,13.100350379943848,538300
2024-04-02,13.5,13.630000114440918,13.34000015258789,13.489999771118164,12.956284523010254,694800
2024-04-03,13.470000267028809,13.550000190734863,13.3100004196167,13.34000015258789,12.812217712402344,434200
2024-04-04,13.510000228881836,13.619999885559082,13.279999732971191,13.34000015258789,12.812217712402344,546500
2024-04-05,13.300000190734863,13.399999618530273,13.229999542236328,13.270000457763672,12.744989395141602,386000
2024-04-08,13.34000015258789,13.449999809265137,13.3100004196167,13.34000015258789,12.812217712402344,404500
2024-04-09,13.40999984741211,13.479999542236328,13.34000015258789,13.430000305175781,12.898659706115723,277000
2024-04-10,13.100000381469727,13.100000381469727,12.600000381469727,12.8100004196167,12.30318832397461,624900
2024-04-11,12.84000015258789,12.899999618530273,12.680000305175781,12.770000457763672,12.264771461486816,447100
2024-04-12,12.640000343322754,12.75,12.609999656677246,12.739999771118164,12.235958099365234,467000
2024-04-15,12.770000457763672,12.880000114440918,12.510000228881836,12.640000343322754,12.139913558959961,453700
2024-04-16,12.479999542236328,12.630000114440918,12.40999984741211,12.529999732971191,12.034265518188477,731800
2024-04-17,12.6899995803833,12.760000228881836,12.600000381469727,12.619999885559082,12.12070369720459,455000
2024-04-18,12.5600004196167,12.859999656677246,12.5600004196167,12.789999961853027,12.283979415893555,482600
2024-04-19,12.739999771118164,13.220000267028809,12.739999771118164,13.199999809265137,12.677757263183594,782200
2024-04-22,13.199999809265137,13.420000076293945,13.109999656677246,13.289999961853027,12.76419734954834,578100
2024-04-23,13.510000228881836,13.859999656677246,13.300000190734863,13.579999923706055,13.042723655700684,813300
2024-04-24,13.399999618530273,13.75,13.270000457763672,13.739999771118164,13.196393013000488,478800
2024-04-25,13.470000267028809,13.579999923706055,13.25,13.5600004196167,13.023515701293945,781700
2024-04-26,13.529999732971191,13.670000076293945,13.430000305175781,13.550000190734863,13.013912200927734,396900
2024-04-29,13.539999961853027,13.640000343322754,13.380000114440918,13.390000343322754,12.860240936279297,363700
2024-04-30,13.279999732971191,13.359999656677246,13.15999984741211,13.1899995803833,12.668153762817383,360700
2024-05-01,13.350000381469727,13.720000267028809,13.329999923706055,13.479999542236328,12.94667911529541,467300
2024-05-02,13.420000076293945,13.630000114440918,13.420000076293945,13.59000015258789,13.17943000793457,377700
2024-05-03,13.800000190734863,13.84000015258789,13.600000381469727,13.670000076293945,13.257012367248535,355000
2024-05-06,13.739999771118164,13.890000343322754,13.720000267028809,13.770000457763672,13.353991508483887,292800
2024-05-07,13.779999732971191,13.869999885559082,13.699999809265137,13.699999809265137,13.286105155944824,318900
2024-05-08,13.619999885559082,13.850000381469727,13.600000381469727,13.850000381469727,13.431574821472168,229700
2024-05-09,13.829999923706055,13.970000267028809,13.789999961853027,13.9399995803833,13.518855094909668,299800
2024-05-10,13.979999542236328,13.979999542236328,13.739999771118164,13.890000343322754,13.470366477966309,244900
2024-05-13,13.970000267028809,13.970000267028809,13.819999694824219,13.84000015258789,13.421876907348633,286900
2024-05-14,13.970000267028809,14.039999961853027,13.819999694824219,13.949999809265137,13.528553009033203,271000
2024-05-15,14.140000343322754,14.180000305175781,13.960000038146973,14.020000457763672,13.596439361572266,347900
2024-05-16,13.960000038146973,14.140000343322754,13.960000038146973,14.119999885559082,13.693416595458984,350900
2024-05-17,14.170000076293945,14.380000114440918,14.119999885559082,14.239999771118164,13.809792518615723,368400
2024-05-20,14.210000038146973,14.289999961853027,13.920000076293945,13.9399995803833,13.518855094909668,373300
2024-05-21,13.920000076293945,14.010000228881836,13.869999885559082,13.9399995803833,13.518855094909668,268700
2024-05-22,13.899999618530273,13.9399995803833,13.75,13.829999923706055,13.412179946899414,311800
2024-05-23,13.8100004196167,13.90999984741211,13.460000038146973,13.59000015258789,13.17943000793457,371500
2024-05-24,13.649999618530273,13.649999618530273,13.460000038146973,13.600000381469727,13.189126968383789,317500
2024-05-28,13.630000114440918,13.630000114440918,13.380000114440918,13.449999809265137,13.043659210205078,295900
2024-05-29,13.220000267028809,13.260000228881836,13.09000015258789,13.170000076293945,12.77211856842041,294000
2024-05-30,13.350000381469727,13.460000038146973,13.279999732971191,13.380000114440918,12.975773811340332,277200
2024-05-31,13.449999809265137,13.550000190734863,13.40999984741211,13.510000228881836,13.101846694946289,341800
2024-06-03,13.649999618530273,13.649999618530273,13.210000038146973,13.239999771118164,12.840003967285156,335300
2024-06-04,13.09000015258789,13.170000076293945,12.989999771118164,13.020000457763672,12.626649856567383,374400
2024-06-05,13.15999984741211,13.270000457763672,13.039999961853027,13.149999618530273,12.75272274017334,362200
2024-06-06,13.180000305175781,13.289999961853027,13.140000343322754,13.25,12.849700927734375,207500
2024-06-07,13.079999923706055,13.3100004196167,13.079999923706055,13.279999732971191,12.87879467010498,291400
2024-06-10,13.079999923706055,13.100000381469727,12.880000114440918,12.890000343322754,12.500577926635742,441700
2024-06-11,12.779999732971191,12.90999984741211,12.710000038146973,12.8100004196167,12.422994613647461,431400
2024-06-12,13.210000038146973,13.430000305175781,13.09000015258789,13.229999542236328,12.830305099487305,537300
2024-06-13,13.15999984741211,13.15999984741211,12.9399995803833,13.050000190734863,12.655743598937988,349000
2024-06-14,12.84000015258789,12.949999809265137,12.770000457763672,12.880000114440918,12.490880012512207,392000
2024-06-17,12.829999923706055,13.069999694824219,12.770000457763672,13.039999961853027,12.646044731140137,330800
2024-06-18,12.949999809265137,13.239999771118164,12.949999809265137,13.170000076293945,12.77211856842041,405900
2024-06-20,13.069999694824219,13.220000267028809,13.069999694824219,13.180000305175781,12.781815528869629,301400
2024-06-21,13.149999618530273,13.170000076293945,13.069999694824219,13.119999885559082,12.723628997802734,1239800
2024-06-24,13.210000038146973,13.449999809265137,13.140000343322754,13.270000457763672,12.869097709655762,421600
2024-06-25,13.25,13.270000457763672,13.119999885559082,13.130000114440918,12.73332691192627,443200
2024-06-26,13.0600004196167,13.399999618530273,13.050000190734863,13.369999885559082,12.96607494354248,371200
2024-06-27,13.399999618530273,13.619999885559082,13.319999694824219,13.609999656677246,13.198824882507324,299700
2024-06-28,13.760000228881836,14.039999961853027,13.710000038146973,13.8100004196167,13.392783164978027,1203400
2024-07-01,13.829999923706055,13.989999771118164,13.6899995803833,13.789999961853027,13.37338638305664,439800
2024-07-02,13.75,14.0600004196167,13.75,14.029999732971191,13.606136322021484,360200
2024-07-03,14.09000015258789,14.100000381469727,13.760000228881836,13.84000015258789,13.421876907348633,373100
2024-07-05,13.8100004196167,13.859999656677246,13.680000305175781,13.710000038146973,13.295804023742676,435000
2024-07-08,13.829999923706055,13.90999984741211,13.710000038146973,13.850000381469727,13.431574821472168,505400
2024-07-09,13.800000190734863,14.100000381469727,13.739999771118164,14.09000015258789,13.664323806762695,476400
2024-07-10,14.100000381469727,14.40999984741211,14.050000190734863,14.399999618530273,13.964957237243652,385800
2024-07-11,14.720000267028809,15.050000190734863,14.600000381469727,14.960000038146973,14.508040428161621,643800
2024-07-12,15.100000381469727,15.210000038146973,14.970000267028809,15.050000190734863,14.595321655273438,512500
2024-07-15,15.229999542236328,15.739999771118164,15.229999542236328,15.5600004196167,15.089913368225098,726800
2024-07-16,15.75,16.350000381469727,15.609999656677246,16.209999084472656,15.720274925231934,962700
2024-07-17,16.0,16.670000076293945,16.0,16.639999389648438,16.137285232543945,855300
2024-07-18,16.579999923706055,16.979999542236328,16.3700008392334,16.540000915527344,16.040306091308594,1392500
2024-07-19,16.5,16.860000610351562,16.350000381469727,16.399999618530273,15.904535293579102,910700
2024-07-22,16.31999969482422,16.719999313354492,16.09000015258789,16.6200008392334,16.117889404296875,670200
2024-07-23,16.469999313354492,16.989999771118164,16.469999313354492,16.790000915527344,16.28275489807129,671000
2024-07-24,16.549999237060547,17.700000762939453,16.540000915527344,17.299999237060547,16.777345657348633,1264800
2024-07-25,17.75,19.010000228881836,17.690000534057617,18.600000381469727,18.038070678710938,1737100
2024-07-26,18.729999542236328,18.850000381469727,18.299999237060547,18.579999923706055,18.018674850463867,832700
2024-07-29,18.260000228881836,18.440000534057617,17.920000076293945,17.93000030517578,17.38831329345703,741100
2024-07-30,18.040000915527344,18.260000228881836,17.84000015258789,18.239999771118164,17.688947677612305,507500
2024-07-31,18.100000381469727,18.5,18.049999237060547,18.079999923706055,17.533781051635742,656500
2024-08-01,18.09000015258789,18.100000381469727,17.170000076293945,17.309999465942383,16.78704261779785,877000
2024-08-02,16.610000610351562,16.799999237060547,16.389999389648438,16.729999542236328,16.347335815429688,834600
2024-08-05,16.059999465942383,16.43000030517578,15.680000305175781,16.200000762939453,15.829460144042969,841900
2024-08-06,16.1299991607666,16.329999923706055,15.920000076293945,16.09000015258789,15.721975326538086,746100
2024-08-07,16.299999237060547,16.360000610351562,15.90999984741211,16.010000228881836,15.643805503845215,423700
2024-08-08,16.25,16.25,15.9399995803833,16.110000610351562,15.7415189743042,418900
2024-08-09,16.06999969482422,16.09000015258789,15.800000190734863,15.989999771118164,15.624262809753418,646500
2024-08-12,16.0,16.18000030517578,15.720000267028809,15.720000267028809,15.360438346862793,540600
2024-08-13,15.920000076293945,15.9399995803833,15.619999885559082,15.930000305175781,15.565635681152344,618200
2024-08-14,15.970000267028809,15.989999771118164,15.630000114440918,15.6899995803833,15.331123352050781,366900
2024-08-15,16.0,16.290000915527344,15.899999618530273,15.899999618530273,15.536320686340332,736800
2024-08-16,15.90999984741211,16.420000076293945,15.90999984741211,16.309999465942383,15.936942100524902,780500
2024-08-19,16.31999969482422,16.549999237060547,16.260000228881836,16.469999313354492,16.09328269958496,466500
2024-08-20,16.399999618530273,16.399999618530273,16.229999542236328,16.25,15.878315925598145,367000
2024-08-21,16.329999923706055,16.3700008392334,16.1299991607666,16.3700008392334,15.995572090148926,325900
2024-08-22,16.309999465942383,16.469999313354492,16.270000457763672,16.34000015258789,15.96625804901123,445300
2024-08-23,16.489999771118164,17.399999618530273,16.420000076293945,17.149999618530273,16.757728576660156,557800
2024-08-26,17.200000762939453,17.329999923706055,17.030000686645508,17.079999923706055,16.6893310546875,544300
2024-08-27,16.989999771118164,17.0,16.75,16.940000534057617,16.552534103393555,457100
2024-08-28,16.860000610351562,17.260000228881836,16.860000610351562,17.100000381469727,16.708873748779297,363400
2024-08-29,17.25,17.31999969482422,16.959999084472656,17.149999618530273,16.757728576660156,345000
2024-08-30,17.18000030517578,17.290000915527344,17.0,17.219999313354492,16.826128005981445,455700
2024-09-03,17.06999969482422,17.239999771118164,16.959999084472656,17.149999618530273,16.757728576660156,444800
2024-09-04,17.059999465942383,17.15999984741211,16.729999542236328,16.829999923706055,16.445051193237305,456600
2024-09-05,17.010000228881836,17.010000228881836,16.670000076293945,16.709999084472656,16.32779312133789,310900
2024-09-06,16.790000915527344,16.850000381469727,16.420000076293945,16.540000915527344,16.16168212890625,373900
2024-09-09,16.5,16.68000030517578,16.420000076293945,16.489999771118164,16.11282730102539,530000
2024-09-10,16.530000686645508,16.610000610351562,16.219999313354492,16.559999465942383,16.181222915649414,415000
2024-09-11,16.3700008392334,16.3799991607666,15.989999771118164,16.309999465942383,15.936942100524902,436900
2024-09-12,16.450000762939453,16.5,16.200000762939453,16.3700008392334,15.995572090148926,398900
2024-09-13,16.559999465942383,16.729999542236328,16.440000534057617,16.719999313354492,16.33756446838379,425300
2024-09-16,16.709999084472656,17.020000457763672,16.540000915527344,16.940000534057617,16.552534103393555,424400
2024-09-17,16.979999542236328,17.360000610351562,16.850000381469727,16.989999771118164,16.601388931274414,489200
2024-09-18,16.969999313354492,17.68000030517578,16.799999237060547,17.06999969482422,16.67955780029297,547400
2024-09-19,17.3700008392334,17.59000015258789,17.1299991607666,17.5,17.09972381591797,601800
2024-09-20,17.3700008392334,17.420000076293945,17.059999465942383,17.1299991607666,16.73818588256836,1600700
2024-09-23,17.200000762939453,17.229999542236328,16.860000610351562,17.0,16.611162185668945,514600
2024-09-24,17.100000381469727,17.100000381469727,16.75,16.75,16.366880416870117,483800
2024-09-25,16.809999465942383,16.809999465942383,16.600000381469727,16.6299991607666,16.249624252319336,563800
2024-09-26,16.8700008392334,16.8700008392334,16.59000015258789,16.59000015258789,16.210538864135742,430500
2024-09-27,16.739999771118164,16.8799991607666,16.559999465942383,16.700000762939453,16.318023681640625,423800
2024-09-30,16.65999984741211,17.170000076293945,16.65999984741211,17.149999618530273,16.757728576660156,526500
2024-10-01,17.049999237060547,17.09000015258789,16.530000686645508,16.59000015258789,16.210538864135742,431500
2024-10-02,16.479999542236328,16.719999313354492,16.219999313354492,16.239999771118164,15.868545532226562,438800
2024-10-03,16.1299991607666,16.399999618530273,16.06999969482422,16.25,15.878315925598145,469200
2024-10-04,16.579999923706055,16.579999923706055,16.34000015258789,16.469999313354492,16.09328269958496,513300
2024-10-07,16.360000610351562,16.43000030517578,16.260000228881836,16.34000015258789,15.96625804901123,694100
2024-10-08,16.440000534057617,16.459999084472656,16.270000457763672,16.270000457763672,15.897857666015625,520900
2024-10-09,16.200000762939453,16.5,16.200000762939453,16.40999984741211,16.034656524658203,531200
2024-10-10,16.290000915527344,16.420000076293945,16.15999984741211,16.3799991607666,16.005342483520508,365300
2024-10-11,16.5,17.06999969482422,16.5,16.989999771118164,16.601388931274414,427000
2024-10-14,16.989999771118164,17.200000762939453,16.81999969482422,17.059999465942383,16.669788360595703,324400
2024-10-15,17.100000381469727,17.700000762939453,16.979999542236328,17.280000686645508,16.88475799560547,574800
2024-10-16,17.440000534057617,17.68000030517578,17.360000610351562,17.56999969482422,17.168123245239258,397800
2024-10-17,17.6299991607666,17.700000762939453,17.3799991607666,17.690000534057617,17.28537940979004,420300
2024-10-18,17.719999313354492,17.719999313354492,17.260000228881836,17.270000457763672,16.874984741210938,496600
2024-10-21,17.329999923706055,17.329999923706055,16.729999542236328,16.739999771118164,16.35710906982422,386300
2024-10-22,16.760000228881836,16.959999084472656,16.670000076293945,16.950000762939453,16.562305450439453,574500
2024-10-23,16.889999389648438,17.059999465942383,16.799999237060547,16.93000030517578,16.542762756347656,362200
2024-10-24,16.979999542236328,16.989999771118164,16.68000030517578,16.959999084472656,16.57207489013672,389100
2024-10-25,17.059999465942383,17.110000610351562,16.579999923706055,16.6200008392334,16.239852905273438,323100
2024-10-28,16.780000686645508,17.260000228881836,16.770000457763672,17.09000015258789,16.6991024017334,601600
2024-10-29,17.030000686645508,17.059999465942383,16.889999389648438,16.940000534057617,16.552534103393555,452400
2024-10-30,16.719999313354492,17.1299991607666,16.100000381469727,16.8799991607666,16.49390411376953,673100
2024-10-31,16.75,16.850000381469727,16.43000030517578,16.440000534057617,16.063968658447266,561400
2024-11-01,16.559999465942383,16.770000457763672,16.420000076293945,16.469999313354492,16.09328269958496,478600
2024-11-04,16.350000381469727,16.43000030517578,16.1299991607666,16.270000457763672,15.897857666015625,421400
2024-11-05,16.350000381469727,16.6299991607666,16.290000915527344,16.59000015258789,16.210538864135742,334800
2024-11-06,18.010000228881836,19.510000228881836,18.0,19.290000915527344,18.84878158569336,1692700
2024-11-07,19.06999969482422,19.06999969482422,18.43000030517578,18.540000915527344,18.115936279296875,949100
2024-11-08,18.56999969482422,18.719999313354492,18.329999923706055,18.420000076293945,18.125778198242188,682200
2024-11-11,18.780000686645508,19.3700008392334,18.65999984741211,19.229999542236328,18.922840118408203,767900
2024-11-12,19.110000610351562,19.3799991607666,18.93000030517578,18.969999313354492,18.666990280151367,563500
2024-11-13,19.149999618530273,19.3799991607666,18.81999969482422,18.84000015258789,18.53907012939453,479200
2024-11-14,18.93000030517578,19.020000457763672,18.559999465942383,18.719999313354492,18.420984268188477,439100
2024-11-15,18.81999969482422,18.920000076293945,18.440000534057617,18.739999771118164,18.440664291381836,478700
2024-11-18,18.770000457763672,18.84000015258789,18.6200008392334,18.6200008392334,18.32258415222168,283800
2024-11-19,18.290000915527344,18.610000610351562,18.290000915527344,18.600000381469727,18.30290412902832,415300
2024-11-20,18.530000686645508,18.600000381469727,18.299999237060547,18.56999969482422,18.27338218688965,283000
2024-11-21,18.739999771118164,19.010000228881836,18.579999923706055,18.739999771118164,18.440664291381836,577300
2024-11-22,18.84000015258789,19.25,18.770000457763672,19.209999084472656,18.903156280517578,491200
2024-11-25,19.3700008392334,19.959999084472656,19.3700008392334,19.40999984741211,19.099964141845703,687000
2024-11-26,19.260000228881836,19.3700008392334,19.079999923706055,19.1299991607666,18.82443618774414,434800
2024-11-27,19.309999465942383,19.3799991607666,18.979999542236328,18.979999542236328,18.67683219909668,417700
2024-11-29,19.200000762939453,19.200000762939453,18.719999313354492,18.829999923706055,18.52922821044922,388900
2024-12-02,18.969999313354492,19.020000457763672,18.59000015258789,18.829999923706055,18.52922821044922,554400
2024-12-03,18.75,18.940000534057617,18.670000076293945,18.700000762939453,18.40130615234375,418100
2024-12-04,18.690000534057617,18.93000030517578,18.6299991607666,18.860000610351562,18.55875015258789,388400
2024-12-05,18.959999084472656,19.1200008392334,18.6200008392334,18.6299991607666,18.332422256469727,392800
2024-12-06,18.75,18.75,18.399999618530273,18.639999389648438,18.342262268066406,300600
2024-12-09,18.780000686645508,18.81999969482422,18.329999923706055,18.389999389648438,18.096256256103516,451200
2024-12-10,18.450000762939453,18.719999313354492,18.15999984741211,18.3700008392334,18.07657814025879,475600
2024-12-11,18.649999618530273,18.81999969482422,18.450000762939453,18.56999969482422,18.27338218688965,599800
2024-12-12,18.459999084472656,18.600000381469727,18.229999542236328,18.25,17.958492279052734,397000
2024-12-13,18.190000534057617,18.290000915527344,17.989999771118164,18.280000686645508,17.988014221191406,305500
2024-12-16,18.270000457763672,18.40999984741211,18.040000915527344,18.3700008392334,18.07657814025879,508000
2024-12-17,18.219999313354492,18.399999618530273,17.799999237060547,17.84000015258789,17.55504035949707,569100
2024-12-18,17.969999313354492,18.079999923706055,16.709999084472656,16.8799991607666,16.610374450683594,756000
2024-12-19,17.170000076293945,17.399999618530273,16.739999771118164,16.790000915527344,16.521814346313477,747800
2024-12-20,16.559999465942383,17.149999618530273,16.559999465942383,16.93000030517578,16.659576416015625,1780900
2024-12-23,16.850000381469727,17.100000381469727,16.850000381469727,17.049999237060547,16.777660369873047,467800
2024-12-24,17.110000610351562,17.110000610351562,16.829999923706055,17.100000381469727,16.826862335205078,286400
2024-12-26,16.989999771118164,17.260000228881836,16.8700008392334,17.219999313354492,16.944944381713867,314900
2024-12-27,17.030000686645508,17.25,16.770000457763672,17.0,16.72846031188965,465300
2024-12-30,16.899999618530273,17.020000457763672,16.690000534057617,16.899999618530273,16.630056381225586,314600
